"Codice";"Classe";"Sottoclasse";"Categoria";"Pericoloso";"Descrizione"
"010000";"01";"00";"00";0;"Rifiuti derivanti da prospezione, estrazione da miniera o cava, nonché dal trattamento fisico o chimico di minerali"
"010100";"01";"01";"00";0;"rifiuti prodotti da estrazione di minerali"
"010101";"01";"01";"01";0;"rifiuti da estrazione di minerali metalliferi"
"010102";"01";"01";"02";0;"rifiuti da estrazione di minerali non metalliferi"
"010300";"01";"03";"00";0;"rifiuti prodotti da trattamenti chimici e fisici di minerali metalliferi"
"010304";"01";"03";"04";1;"sterili che possono generare acido prodotti dalla lavorazione di minerale solforoso"
"010305";"01";"03";"05";1;"altri sterili contenenti sostanze pericolose"
"010306";"01";"03";"06";0;"sterili diversi da quelli di cui alle voci 01 03 04 e 01 03 05"
"010307";"01";"03";"07";1;"altri rifiuti contenenti sostanze pericolose prodotti da trattamenti chimici e fisici di minerali metalliferi"
"010308";"01";"03";"08";0;"polveri e residui affini diversi da quelli di cui alla voce 01 03 07"
"010309";"01";"03";"09";0;"fanghi rossi derivanti dalla produzione di allumina, diversi da quelli di cui alla voce 01 03 07"
"010399";"01";"03";"99";0;"rifiuti non specificati altrimenti"
"010400";"01";"04";"00";0;"rifiuti derivanti da trattamenti chimici e fisici di minerali non metalliferi"
"010407";"01";"04";"07";1;"rifiuti contenenti sostanze pericolose, prodotti da trattamenti chimici e fisici di minerali non metalliferi"
"010408";"01";"04";"08";0;"scarti di ghiaia e pietrisco, diversi da quelli di cui alla voce 01 04 07"
"010409";"01";"04";"09";0;"scarti di sabbia e argilla"
"010410";"01";"04";"10";0;"polveri e residui affini, diversi da quelli di cui alla voce 01 04 07"
"010411";"01";"04";"11";0;"rifiuti della lavorazione di potassa e salgemma, diversi da quelli di cui alla voce 01 04 07"
"010412";"01";"04";"12";0;"sterili ed altri residui del lavaggio e della pulitura di minerali, diversi da quelli di cui alle voci 01 04 07 e 01 04 11"
"010413";"01";"04";"13";0;"rifiuti prodotti dalla lavorazione della pietra, diversi da quelli di cui alla voce 01 04 07"
"010499";"01";"04";"99";0;"rifiuti non specificati altrimenti"
"010500";"01";"05";"00";0;"fanghi di perforazione ed altri rifiuti di perforazione"
"010504";"01";"05";"04";0;"fanghi e rifiuti di perforazione di pozzi per acque dolci"
"010505";"01";"05";"05";1;"fanghi e rifiuti di perforazione contenenti oli"
"010506";"01";"05";"06";1;"fanghi di perforazione ed altri rifiuti di perforazione contenenti sostanze pericolose"
"010507";"01";"05";"07";0;"fanghi e rifiuti di perforazione contenenti barite, diversi da quelli delle voci 01 05 05 e 01 05 06"
"010508";"01";"05";"08";0;"fanghi e rifiuti di perforazione contenenti cloruri, diversi da quelli delle voci 01 05 05 e 01 05 06"
"010599";"01";"05";"99";0;"rifiuti non specificati altrimenti"
"020000";"02";"00";"00";0;"Rifiuti prodotti da agricoltura, orticoltura, acquacoltura, selvicoltura, caccia e pesca, trattamento e preparazione di alimenti"
"020100";"02";"01";"00";0;"rifiuti prodotti da agricoltura, orticoltura, acquacoltura, selvicoltura, caccia e pesca"
"020101";"02";"01";"01";0;"fanghi da operazioni di lavaggio e pulizia"
"020102";"02";"01";"02";0;"scarti di tessuti animali"
"020103";"02";"01";"03";0;"scarti di tessuti vegetali"
"020104";"02";"01";"04";0;"rifiuti plastici (ad esclusione degli imballaggi)"
"020106";"02";"01";"06";0;"feci animali, urine e letame (comprese le lettiere usate), effluenti, raccolti separatamente e trattati fuori sito"
"020107";"02";"01";"07";0;"rifiuti della silvicoltura"
"020108";"02";"01";"08";1;"rifiuti agrochimici contenenti sostanze pericolose"
"020109";"02";"01";"09";0;"rifiuti agrochimici diversi da quelli della voce 02 01 08"
"020110";"02";"01";"10";0;"rifiuti metallici"
"020199";"02";"01";"99";0;"rifiuti non specificati altrimenti"
"020200";"02";"02";"00";0;"rifiuti della preparazione e del trattamento di carne, pesce ed altri alimenti di origine animale"
"020201";"02";"02";"01";0;"fanghi da operazioni di lavaggio e pulizia"
"020202";"02";"02";"02";0;"scarti di tessuti animali"
"020203";"02";"02";"03";0;"scarti inutilizzabili per il consumo o la trasformazione"
"020204";"02";"02";"04";0;"fanghi prodotti dal trattamento in loco degli effluenti"
"020299";"02";"02";"99";0;"rifiuti non specificati altrimenti"
"020300";"02";"03";"00";0;"rifiuti della preparazione e del trattamento di frutta, verdura, cereali, oli alimentari, cacao, caffè, tè e tabacco. della produzione di conserve alimentari; della produzione di lievito ed estratto di lievito. della preparazione e fermentazione di melassa"
"020301";"02";"03";"01";0;"fanghi prodotti da operazioni di lavaggio, pulizia, sbucciatura, centrifugazione e separazione di componenti"
"020302";"02";"03";"02";0;"rifiuti legati all'impiego di conservanti"
"020303";"02";"03";"03";0;"rifiuti prodotti dall'estrazione tramite solvente"
"020304";"02";"03";"04";0;"scarti inutilizzabili per il consumo o la trasformazione"
"020305";"02";"03";"05";0;"fanghi prodotti dal trattamento in loco degli effluenti"
"020399";"02";"03";"99";0;"rifiuti non specificati altrimenti"
"020400";"02";"04";"00";0;"rifiuti prodotti dalla raffinazione dello zucchero"
"020401";"02";"04";"01";0;"terriccio residuo delle operazioni di pulizia e lavaggio delle barbabietole"
"020402";"02";"04";"02";0;"carbonato di calcio fuori specifica"
"020403";"02";"04";"03";0;"fanghi prodotti dal trattamento in loco degli effluenti"
"020499";"02";"04";"99";0;"rifiuti non specificati altrimenti"
"020500";"02";"05";"00";0;"rifiuti dell'industria lattiero-casearia"
"020501";"02";"05";"01";0;"scarti inutilizzabili per il consumo o la trasformazione"
"020502";"02";"05";"02";0;"fanghi prodotti dal trattamento in loco degli effluenti"
"020599";"02";"05";"99";0;"rifiuti non specificati altrimenti"
"020600";"02";"06";"00";0;"rifiuti dell'industria dolciaria e della panificazione"
"020601";"02";"06";"01";0;"scarti inutilizzabili per il consumo o la trasformazione"
"020602";"02";"06";"02";0;"rifiuti legati all'impiego di conservanti"
"020603";"02";"06";"03";0;"fanghi prodotti dal trattamento in loco degli effluenti"
"020699";"02";"06";"99";0;"rifiuti non specificati altrimenti"
"020700";"02";"07";"00";0;"rifiuti della produzione di bevande alcoliche ed analcoliche (tranne caffè, tè e cacao)"
"020701";"02";"07";"01";0;"rifiuti prodotti dalle operazioni di lavaggio, pulizia e macinazione della materia prima"
"020702";"02";"07";"02";0;"rifiuti prodotti dalla distillazione di bevande alcoliche"
"020703";"02";"07";"03";0;"rifiuti prodotti dai trattamenti chimici"
"020704";"02";"07";"04";0;"scarti inutilizzabili per il consumo o la trasformazione"
"020705";"02";"07";"05";0;"fanghi prodotti dal trattamento in loco degli effluenti"
"020799";"02";"07";"99";0;"rifiuti non specificati altrimenti"
"030000";"03";"00";"00";0;"Rifiuti della lavorazione del legno e della produzione di pannelli, mobili, polpa, carta e cartone"
"030100";"03";"01";"00";0;"rifiuti della lavorazione del legno e della produzione di pannelli e mobili"
"030101";"03";"01";"01";0;"scarti di corteccia e sughero"
"030104";"03";"01";"04";1;"segatura, trucioli, residui di taglio, legno, pannelli di truciolare e piallacci contenenti sostanze pericolose"
"030105";"03";"01";"05";0;"segatura, trucioli, residui di taglio, legno, pannelli di truciolare e piallacci diversi da quelli di cui alla voce 03 01 04"
"030199";"03";"01";"99";0;"rifiuti non specificati altrimenti"
"030200";"03";"02";"00";0;"rifiuti dei trattamenti conservativi del legno"
"030201";"03";"02";"01";1;"prodotti per i trattamenti conservativi del legno contenenti composti organici non alogenati"
"030202";"03";"02";"02";1;"prodotti per i trattamenti conservativi del legno contenenti composti organici clorurati"
"030203";"03";"02";"03";1;"prodotti per i trattamenti conservativi del legno contenenti composti organometallici"
"030204";"03";"02";"04";1;"prodotti per i trattamenti conservativi del legno contenenti composti inorganici"
"030205";"03";"02";"05";1;"altri prodotti per i trattamenti conservativi del legno contenenti sostanze pericolose"
"030299";"03";"02";"99";0;"prodotti per i trattamenti conservativi del legno non specificati altrimenti"
"030300";"03";"03";"00";0;"rifiuti della produzione e della lavorazione di polpa, carta e cartone"
"030301";"03";"03";"01";0;"scarti di corteccia e legno"
"030302";"03";"03";"02";0;"fanghi di recupero dei bagni di macerazione (green liquor)"
"030305";"03";"03";"05";0;"fanghi prodotti dai processi di disinchiostrazione nel riciclaggio della carta"
"030307";"03";"03";"07";0;"scarti della separazione meccanica nella produzione di polpa da rifiuti di carta e cartone"
"030308";"03";"03";"08";0;"scarti della selezione di carta e cartone destinati ad essere riciclati"
"030309";"03";"03";"09";0;"fanghi di scarto contenenti carbonato di calcio"
"030310";"03";"03";"10";0;"scarti di fibre e fanghi contenenti fibre, riempitivi e prodotti di rivestimento generati dai processi di separazione meccanica"
"030311";"03";"03";"11";0;"fanghi prodotti dal trattamento in loco degli effluenti, diversi da quelli di cui alla voce 03 03 10"
"030399";"03";"03";"99";0;"rifiuti non specificati altrimenti"
"040000";"04";"00";"00";0;"Rifiuti della lavorazione di pelli e pellicce, nonché dell'industria tessile"
"040100";"04";"01";"00";0;"rifiuti della lavorazione di pelli e pellicce"
"040101";"04";"01";"01";0;"carniccio e frammenti di calce"
"040102";"04";"01";"02";0;"rifiuti di calcinazione"
"040103";"04";"01";"03";1;"bagni di sgrassatura esauriti contenenti solventi senza fase liquida"
"040104";"04";"01";"04";0;"liquido di concia contenente cromo"
"040105";"04";"01";"05";0;"liquido di concia non contenente cromo"
"040106";"04";"01";"06";0;"fanghi, prodotti in particolare dal trattamento in loco degli effluenti, contenenti cromo"
"040107";"04";"01";"07";0;"fanghi, prodotti in particolare dal trattamento in loco degli effluenti, non contenenti cromo"
"040108";"04";"01";"08";0;"cuoio conciato (scarti, cascami, ritagli, polveri di lucidatura) contenenti cromo"
"040109";"04";"01";"09";0;"rifiuti delle operazioni di confezionamento e finitura"
"040199";"04";"01";"99";0;"rifiuti non specificati altrimenti"
"040200";"04";"02";"00";0;"rifiuti dell'industria tessile"
"040209";"04";"02";"09";0;"rifiuti da materiali compositi (fibre impregnate, elastomeri, plastomeri)"
"040210";"04";"02";"10";0;"materiale organico proveniente da prodotti naturali (ad es. grasso, cera)"
"040214";"04";"02";"14";1;"rifiuti provenienti da operazioni di finitura, contenenti solventi organici"
"040215";"04";"02";"15";0;"rifiuti da operazioni di finitura, diversi da quelli di cui alla voce 04 02 14"
"040216";"04";"02";"16";1;"tinture e pigmenti, contenenti sostanze pericolose"
"040217";"04";"02";"17";0;"tinture e pigmenti, diversi da quelli di cui alla voce 04 02 16"
"040219";"04";"02";"19";1;"fanghi prodotti dal trattamento in loco degli effluenti, contenenti sostanze pericolose"
"040220";"04";"02";"20";0;"fanghi prodotti dal trattamento in loco degli effluenti, diversi da quelli di cui alla voce 04 02 19"
"040221";"04";"02";"21";0;"rifiuti da fibre tessili grezze"
"040222";"04";"02";"22";0;"rifiuti da fibre tessili lavorate"
"040299";"04";"02";"99";0;"rifiuti non specificati altrimenti"
"050000";"05";"00";"00";0;"Rifiuti della raffinazione del petrolio, purificazione del gas naturale e trattamento pirolitico del carbone"
"050100";"05";"01";"00";0;"rifiuti della raffinazione del petrolio"
"050102";"05";"01";"02";1;"fanghi da processi di dissalazione"
"050103";"05";"01";"03";1;"morchie depositate sul fondo dei serbatoi"
"050104";"05";"01";"04";1;"fanghi acidi prodotti da processi di alchilazione"
"050105";"05";"01";"05";1;"perdite di olio"
"050106";"05";"01";"06";1;"fanghi oleosi prodotti dalla manutenzione di impianti e apparecchiature"
"050107";"05";"01";"07";1;"catrami acidi"
"050108";"05";"01";"08";1;"altri catrami"
"050109";"05";"01";"09";1;"fanghi prodotti dal trattamento in loco degli effluenti, contenenti sostanze pericolose"
"050110";"05";"01";"10";0;"fanghi prodotti dal trattamento in loco degli effluenti, diversi da quelli di cui alla voce 05 01 09"
"050111";"05";"01";"11";1;"rifiuti prodotti dalla purificazione di carburanti tramite basi"
"050112";"05";"01";"12";1;"acidi contenenti oli"
"050113";"05";"01";"13";0;"fanghi residui dell'acqua di alimentazione delle caldaie"
"050114";"05";"01";"14";0;"rifiuti prodotti dalle torri di raffreddamento"
"050115";"05";"01";"15";1;"filtri di argilla esauriti"
"050116";"05";"01";"16";0;"rifiuti contenenti zolfo prodotti dalla desolforizzazione del petrolio"
"050117";"05";"01";"17";0;"bitumi"
"050199";"05";"01";"99";0;"rifiuti non specificati altrimenti"
"050600";"05";"06";"00";0;"rifiuti prodotti dal trattamento pirolitico del carbone"
"050601";"05";"06";"01";1;"catrami acidi"
"050603";"05";"06";"03";1;"altri catrami"
"050604";"05";"06";"04";0;"rifiuti prodotti dalle torri di raffreddamento"
"050699";"05";"06";"99";0;"rifiuti non specificati altrimenti"
"050700";"05";"07";"00";0;"rifiuti prodotti dalla purificazione e dal trasporto di gas naturale"
"050701";"05";"07";"01";1;"rifiuti contenenti mercurio"
"050702";"05";"07";"02";0;"rifiuti contenenti zolfo"
"050799";"05";"07";"99";0;"rifiuti non specificati altrimenti"
"060000";"06";"00";"00";0;"Rifiuti dei processi chimici inorganici"
"060100";"06";"01";"00";0;"rifiuti della produzione, formulazione, fornitura ed uso di acidi"
"060101";"06";"01";"01";1;"acido solforico ed acido solforoso"
"060102";"06";"01";"02";1;"acido cloridrico"
"060103";"06";"01";"03";1;"acido fluoridrico"
"060104";"06";"01";"04";1;"acido fosforico e fosforoso"
"060105";"06";"01";"05";1;"acido nitrico e acido nitroso"
"060106";"06";"01";"06";1;"altri acidi"
"060199";"06";"01";"99";0;"rifiuti non specificati altrimenti"
"060200";"06";"02";"00";0;"rifiuti della produzione, formulazione, fornitura ed uso di basi"
"060201";"06";"02";"01";1;"idrossido di calcio"
"060203";"06";"02";"03";1;"idrossido di ammonio"
"060204";"06";"02";"04";1;"idrossido di sodio e di potassio"
"060205";"06";"02";"05";1;"altre basi"
"060299";"06";"02";"99";0;"rifiuti non specificati altrimenti"
"060300";"06";"03";"00";0;"rifiuti della produzione, formulazione, fornitura ed uso di sali, loro soluzioni e ossidi metallici"
"060311";"06";"03";"11";1;"sali e loro soluzioni, contenenti cianuri"
"060313";"06";"03";"13";1;"sali e loro soluzioni, contenenti metalli pesanti"
"060314";"06";"03";"14";0;"sali e loro soluzioni, diversi da quelli di cui alle voci 06 03 11 e 06 03 13"
"060315";"06";"03";"15";1;"ossidi metallici contenenti metalli pesanti"
"060316";"06";"03";"16";0;"ossidi metallici, diversi da quelli di cui alla voce 06 03 15"
"060399";"06";"03";"99";0;"rifiuti non specificati altrimenti"
"060400";"06";"04";"00";0;"rifiuti contenenti metalli, diversi da quelli di cui alla voce 06 03"
"060403";"06";"04";"03";1;"rifiuti contenenti arsenico"
"060404";"06";"04";"04";1;"rifiuti contenenti mercurio"
"060405";"06";"04";"05";1;"rifiuti contenenti altri metalli pesanti"
"060499";"06";"04";"99";0;"rifiuti non specificati altrimenti"
"060500";"06";"05";"00";0;"fanghi prodotti dal trattamento in loco degli effluenti"
"060502";"06";"05";"02";1;"fanghi prodotti dal trattamento in loco degli effluenti, contenenti sostanze pericolose"
"060503";"06";"05";"03";0;"fanghi prodotti dal trattamento in loco degli effluenti, diversi da quelli di cui alla voce 06 05 02"
"060600";"06";"06";"00";0;"rifiuti della produzione, formulazione, fornitura ed uso di prodotti chimici contenenti zolfo, dei processi chimici dello zolfo e dei processi di desolforazione"
"060602";"06";"06";"02";1;"rifiuti contenenti solfuri pericolosi"
"060603";"06";"06";"03";0;"rifiuti contenenti solfuri, diversi da quelli di cui alla voce 06 06 02"
"060699";"06";"06";"99";0;"rifiuti non specificati altrimenti"
"060700";"06";"07";"00";0;"rifiuti della produzione, formulazione, fornitura ed uso di prodotti alogeni e dei processi chimici degli alogeni"
"060701";"06";"07";"01";1;"rifiuti dei processi elettrolitici, contenenti amianto"
"060702";"06";"07";"02";1;"carbone attivato dalla produzione di cloro"
"060703";"06";"07";"03";1;"fanghi di solfati di bario, contenenti mercurio"
"060704";"06";"07";"04";1;"soluzioni ed acidi, ad es. acido di contatto"
"060799";"06";"07";"99";0;"rifiuti non specificati altrimenti"
"060800";"06";"08";"00";0;"rifiuti della produzione, formulazione, fornitura ed uso del silicio e dei suoi derivati"
"060802";"06";"08";"02";1;"rifiuti contenenti clorosilano pericoloso"
"060899";"06";"08";"99";0;"rifiuti non specificati altrimenti"
"060900";"06";"09";"00";0;"rifiuti della produzione, formulazione, fornitura ed uso di prodotti fosforosi e dei processi chimici del fosforo"
"060902";"06";"09";"02";0;"scorie fosforose"
"060903";"06";"09";"03";1;"rifiuti prodotti da reazioni a base di calcio contenenti o contaminati da sostanze pericolose"
"060904";"06";"09";"04";0;"rifiuti prodotti da reazioni a base di calcio, diversi da quelli di cui alla voce 06 09 03"
"060999";"06";"09";"99";0;"rifiuti non specificati altrimenti"
"061000";"06";"10";"00";0;"rifiuti della produzione, formulazione, fornitura ed uso di prodotti chimici contenenti azoto, dei processi chimici dell'azoto e della produzione di fertilizzanti"
"061002";"06";"10";"02";1;"rifiuti contenenti sostanze pericolose"
"061099";"06";"10";"99";0;"rifiuti non specificati altrimenti"
"061100";"06";"11";"00";0;"rifiuti dalla produzione di pigmenti inorganici ed opacificanti"
"061101";"06";"11";"01";0;"rifiuti prodotti da reazioni a base di calcio nella produzione di diossido di titanio"
"061199";"06";"11";"99";0;"rifiuti non specificati altrimenti"
"061300";"06";"13";"00";0;"rifiuti di processi chimici inorganici non specificati altrimenti"
"061301";"06";"13";"01";1;"prodotti fitosanitari, agenti conservativi del legno ed altri biocidi inorganici"
"061302";"06";"13";"02";1;"carbone attivato esaurito (tranne 06 07 02)"
"061303";"06";"13";"03";0;"nerofumo"
"061304";"06";"13";"04";1;"rifiuti della lavorazione dell'amianto"
"061305";"06";"13";"05";1;"fuliggine"
"061399";"06";"13";"99";0;"rifiuti non specificati altrimenti"
"070000";"07";"00";"00";0;"Rifiuti dei processi chimici organici"
"070100";"07";"01";"00";0;"rifiuti della produzione, formulazione, fornitura ed uso di prodotti chimici organici di base"
"070101";"07";"01";"01";1;"soluzioni acquose di lavaggio ed acque madri"
"070103";"07";"01";"03";1;"solventi organici alogenati, soluzioni di lavaggio ed acque madri"
"070104";"07";"01";"04";1;"altri solventi organici, soluzioni di lavaggio ed acque madri"
"070107";"07";"01";"07";1;"fondi e residui di reazione, alogenati"
"070108";"07";"01";"08";1;"altri fondi e residui di reazione"
"070109";"07";"01";"09";1;"residui di filtrazione e assorbenti esauriti, alogenati"
"070110";"07";"01";"10";1;"altri residui di filtrazione e assorbenti esauriti"
"070111";"07";"01";"11";1;"fanghi prodotti dal trattamento in loco degli effluenti, contenenti sostanze pericolose"
"070112";"07";"01";"12";0;"fanghi prodotti dal trattamento in loco degli effluenti, diversi da quelli di cui alla voce 07 01 11"
"070199";"07";"01";"99";0;"rifiuti non specificati altrimenti"
"070200";"07";"02";"00";0;"rifiuti della produzione, formulazione, fornitura ed uso (PFFU) di plastiche, gomme sintetiche e fibre artificiali"
"070201";"07";"02";"01";1;"soluzioni acquose di lavaggio ed acque madri"
"070203";"07";"02";"03";1;"solventi organici alogenati, soluzioni di lavaggio ed acque madri"
"070204";"07";"02";"04";1;"altri solventi organici, soluzioni di lavaggio ed acque madri"
"070207";"07";"02";"07";1;"fondi e residui di reazione, alogenati"
"070208";"07";"02";"08";1;"altri fondi e residui di reazione"
"070209";"07";"02";"09";1;"residui di filtrazione e assorbenti esauriti, alogenati"
"070210";"07";"02";"10";1;"altri residui di filtrazione e assorbenti esauriti"
"070211";"07";"02";"11";1;"fanghi prodotti dal trattamento in loco degli effluenti, contenenti sostanze pericolose"
"070212";"07";"02";"12";0;"fanghi prodotti dal trattamento in loco degli effluenti, diversi da quelli di cui alla voce 07 02 11"
"070213";"07";"02";"13";0;"rifiuti plastici"
"070214";"07";"02";"14";1;"rifiuti prodotti da additivi, contenenti sostanze pericolose"
"070215";"07";"02";"15";0;"rifiuti prodotti da additivi, diversi da quelli di cui alla voce 07 02 14"
"070216";"07";"02";"16";1;"rifiuti contenenti silicone pericoloso"
"070217";"07";"02";"17";0;"rifiuti contenenti silicone diversi da quelli menzionati alla voce 07 02 16"
"070299";"07";"02";"99";0;"rifiuti non specificati altrimenti"
"070300";"07";"03";"00";0;"rifiuti della produzione, formulazione, fornitura ed uso di coloranti e pigmenti organici (tranne 06 11)"
"070301";"07";"03";"01";1;"soluzioni acquose di lavaggio ed acque madri"
"070303";"07";"03";"03";1;"solventi organici alogenati, soluzioni di lavaggio ed acque madri"
"070304";"07";"03";"04";1;"altri solventi organici, soluzioni di lavaggio ed acque madri"
"070307";"07";"03";"07";1;"fondi e residui di reazione alogenati"
"070308";"07";"03";"08";1;"altri fondi e residui di reazione"
"070309";"07";"03";"09";1;"residui di filtrazione e assorbenti esauriti alogenati"
"070310";"07";"03";"10";1;"altri residui di filtrazione e assorbenti esauriti"
"070311";"07";"03";"11";1;"fanghi prodotti dal trattamento in loco degli effluenti, contenenti sostanze pericolose"
"070312";"07";"03";"12";0;"fanghi prodotti dal trattamento in loco degli effluenti, diversi da quelli di cui alla voce 07 03 11"
"070399";"07";"03";"99";0;"rifiuti non specificati altrimenti"
"070400";"07";"04";"00";0;"rifiuti della produzione, formulazione, fornitura ed uso di prodotti fitosanitari (tranne 02 01 08 e 02 01 09), agenti conservativi del legno (tranne 03 02) ed altri biocidi organici"
"070401";"07";"04";"01";1;"soluzioni acquose di lavaggio ed acque madri"
"070403";"07";"04";"03";1;"solventi organici alogenati, soluzioni di lavaggio ed acque madri"
"070404";"07";"04";"04";1;"altri solventi organici, soluzioni di lavaggio ed acque madri"
"070407";"07";"04";"07";1;"fondi e residui di reazione alogenati"
"070408";"07";"04";"08";1;"altri fondi e residui di reazione"
"070409";"07";"04";"09";1;"residui di filtrazione e assorbenti esauriti alogenati"
"070410";"07";"04";"10";1;"altri residui di filtrazione e assorbenti esauriti"
"070411";"07";"04";"11";1;"fanghi prodotti dal trattamento in loco degli effluenti, contenenti sostanze pericolose"
"070412";"07";"04";"12";0;"fanghi prodotti dal trattamento in loco degli effluenti, diversi da quelli di cui alla voce 07 04 11"
"070413";"07";"04";"13";1;"rifiuti solidi contenenti sostanze pericolose"
"070499";"07";"04";"99";0;"rifiuti non specificati altrimenti"
"070500";"07";"05";"00";0;"rifiuti della produzione, formulazione, fornitura ed uso di prodotti farmaceutici"
"070501";"07";"05";"01";1;"soluzioni acquose di lavaggio ed acque madri"
"070503";"07";"05";"03";1;"solventi organici alogenati, soluzioni di lavaggio ed acque madri"
"070504";"07";"05";"04";1;"altri solventi organici, soluzioni di lavaggio ed acque madri"
"070507";"07";"05";"07";1;"fondi e residui di reazione, alogenati"
"070508";"07";"05";"08";1;"altri fondi e residui di reazione"
"070509";"07";"05";"09";1;"residui di filtrazione e assorbenti esauriti, alogenati"
"070510";"07";"05";"10";1;"altri residui di filtrazione e assorbenti esauriti"
"070511";"07";"05";"11";1;"fanghi prodotti dal trattamento in loco degli effluenti, contenenti sostanze pericolose"
"070512";"07";"05";"12";0;"fanghi prodotti dal trattamento in loco degli effluenti, diversi da quelli di cui alla voce 07 05 11"
"070513";"07";"05";"13";1;"rifiuti solidi contenenti sostanze pericolose"
"070514";"07";"05";"14";0;"rifiuti solidi, diversi da quelli di cui alla voce 07 05 13"
"070599";"07";"05";"99";0;"rifiuti non specificati altrimenti"
"070600";"07";"06";"00";0;"rifiuti della produzione, formulazione, fornitura ed uso di grassi, lubrificanti, saponi, detergenti, disinfettanti e cosmetici"
"070601";"07";"06";"01";1;"soluzioni acquose di lavaggio ed acque madri"
"070603";"07";"06";"03";1;"solventi organici alogenati, soluzioni di lavaggio ed acque madri"
"070604";"07";"06";"04";1;"altri solventi organici alogenati, soluzioni di lavaggio ed acque madri"
"070607";"07";"06";"07";1;"fondi e residui di reazione, alogenati"
"070608";"07";"06";"08";1;"altri fondi e residui di reazione"
"070609";"07";"06";"09";1;"residui di filtrazione e assorbenti esauriti, alogenati"
"070610";"07";"06";"10";1;"altri residui di filtrazione e assorbenti esauriti"
"070611";"07";"06";"11";1;"fanghi prodotti dal trattamento in loco degli effluenti, contenenti sostanze pericolose"
"070612";"07";"06";"12";0;"fanghi prodotti dal trattamento in loco degli effluenti, diversi da quelli di cui alla voce 07 06 11"
"070699";"07";"06";"99";0;"rifiuti non specificati altrimenti"
"070700";"07";"07";"00";0;"rifiuti della produzione, formulazione, fornitura ed uso di prodotti della chimica fine e di prodotti chimici non specificati altrimenti"
"070701";"07";"07";"01";1;"soluzioni acquose di lavaggio ed acque madri"
"070703";"07";"07";"03";1;"solventi organici alogenati, soluzioni di lavaggio ed acque madri"
"070704";"07";"07";"04";1;"altri solventi organici alogenati, soluzioni di lavaggio ed acque madri"
"070707";"07";"07";"07";1;"fondi e residui di reazione, alogenati"
"070708";"07";"07";"08";1;"altri fondi e residui di reazione"
"070709";"07";"07";"09";1;"residui di filtrazione e assorbenti esauriti, alogenati"
"070710";"07";"07";"10";1;"altri residui di filtrazione e assorbenti esauriti"
"070711";"07";"07";"11";1;"fanghi prodotti dal trattamento in loco degli effluenti, contenenti sostanze pericolose"
"070712";"07";"07";"12";0;"fanghi prodotti dal trattamento in loco degli effluenti, diversi da quelli di cui alla voce 07 07 11"
"070799";"07";"07";"99";0;"rifiuti non specificati altrimenti"
"080000";"08";"00";"00";0;"Rifiuti della produzione, formulazione, fornitura ed uso di rivestimenti (pitture, vernici e smalti vetrati), adesivi, sigillanti e inchiostri per stampa"
"080100";"08";"01";"00";0;"rifiuti della produzione, formulazione, fornitura ed uso e della rimozione di pitture e vernici"
"080111";"08";"01";"11";1;"pitture e vernici di scarto, contenenti solventi organici o altre sostanze pericolose"
"080112";"08";"01";"12";0;"pitture e vernici di scarto, diverse da quelle di cui alla voce 08 01 11"
"080113";"08";"01";"13";1;"fanghi prodotti da pitture e vernici, contenenti solventi organici o altre sostanze pericolose"
"080114";"08";"01";"14";0;"fanghi prodotti da pitture e vernici, diversi da quelli di cui alla voce 08 01 13"
"080115";"08";"01";"15";1;"fanghi acquosi contenenti pitture e vernici, contenenti solventi organici o altre sostanze pericolose"
"080116";"08";"01";"16";0;"fanghi acquosi contenenti pitture e vernici, diversi da quelli di cui alla voce 08 01 15"
"080117";"08";"01";"17";1;"fanghi prodotti dalla rimozione di pitture e vernici, contenenti solventi organici o altre sostanze pericolose"
"080118";"08";"01";"18";0;"fanghi prodotti dalla rimozione di pitture e vernici, diversi da quelli di cui alla voce 08 01 17"
"080119";"08";"01";"19";1;"sospensioni acquose contenenti pitture e vernici, contenenti solventi organici o altre sostanze pericolose"
"080120";"08";"01";"20";0;"sospensioni acquose contenenti pitture e vernici, diverse da quelle di cui alla voce 08 01 19"
"080121";"08";"01";"21";1;"residui di vernici o di sverniciatori"
"080199";"08";"01";"99";0;"rifiuti non specificati altrimenti"
"080200";"08";"02";"00";0;"rifiuti della produzione, formulazione, fornitura ed uso di altri rivestimenti (inclusi materiali ceramici)"
"080201";"08";"02";"01";0;"polveri di scarto di rivestimenti"
"080202";"08";"02";"02";0;"fanghi acquosi contenenti materiali ceramici"
"080203";"08";"02";"03";0;"sospensioni acquose contenenti materiali ceramici"
"080299";"08";"02";"99";0;"rifiuti non specificati altrimenti"
"080300";"08";"03";"00";0;"rifiuti della produzione, formulazione, fornitura ed uso di inchiostri per stampa"
"080307";"08";"03";"07";0;"fanghi acquosi contenenti inchiostro"
"080308";"08";"03";"08";0;"rifiuti liquidi acquosi contenenti inchiostro"
"080312";"08";"03";"12";1;"scarti di inchiostro, contenenti sostanze pericolose"
"080313";"08";"03";"13";0;"scarti di inchiostro, diversi da quelli di cui alla voce 08 03 12"
"080314";"08";"03";"14";1;"fanghi di inchiostro, contenenti sostanze pericolose"
"080315";"08";"03";"15";0;"fanghi di inchiostro, diversi da quelli di cui alla voce 08 03 14"
"080316";"08";"03";"16";1;"residui di soluzioni chimiche per incisione"
"080317";"08";"03";"17";1;"toner per stampa esauriti, contenenti sostanze pericolose"
"080318";"08";"03";"18";0;"toner per stampa esauriti, diversi da quelli di cui alla voce 08 03 17"
"080319";"08";"03";"19";1;"oli dispersi"
"080399";"08";"03";"99";0;"rifiuti non specificati altrimenti"
"080400";"08";"04";"00";0;"rifiuti della produzione, formulazione, fornitura ed uso di adesivi e sigillanti (inclusi i prodotti impermeabilizzanti)"
"080409";"08";"04";"09";1;"adesivi e sigillanti di scarto, contenenti solventi organici o altre sostanze pericolose"
"080410";"08";"04";"10";0;"adesivi e sigillanti di scarto, diversi da quelli di cui alla voce 08 04 09"
"080411";"08";"04";"11";1;"fanghi di adesivi e sigillanti, contenenti solventi organici o altre sostanze pericolose"
"080412";"08";"04";"12";0;"fanghi di adesivi e sigillanti, diversi da quelli di cui alla voce 08 04 11"
"080413";"08";"04";"13";1;"fanghi acquosi contenenti adesivi e sigillanti, contenenti solventi organici o altre sostanze pericolose"
"080414";"08";"04";"14";0;"fanghi acquosi contenenti adesivi e sigillanti, diversi da quelli di cui alla voce 08 04 13"
"080415";"08";"04";"15";1;"rifiuti liquidi acquosi contenenti adesivi e sigillanti, contenenti solventi organici o altre sostanze pericolose"
"080416";"08";"04";"16";0;"rifiuti liquidi acquosi contenenti adesivi e sigillanti, diversi da quelli di cui alla voce 08 04 15"
"080417";"08";"04";"17";1;"olio di resina"
"080499";"08";"04";"99";0;"rifiuti non specificati altrimenti"
"080500";"08";"05";"00";0;"rifiuti non specificati altrimenti alla voce 08"
"080501";"08";"05";"01";1;"isocianati di scarto"
"090000";"09";"00";"00";0;"Rifiuti dell'industria fotografica"
"090100";"09";"01";"00";0;"rifiuti dell'industria fotografica"
"090101";"09";"01";"01";1;"soluzioni di sviluppo e attivanti a base acquosa"
"090102";"09";"01";"02";1;"soluzioni di sviluppo per lastre offset a base acquosa"
"090103";"09";"01";"03";1;"soluzioni di sviluppo a base di solventi"
"090104";"09";"01";"04";1;"soluzioni fissative"
"090105";"09";"01";"05";1;"soluzioni di sbianca e soluzioni di sbianca-fissaggio"
"090106";"09";"01";"06";1;"rifiuti contenenti argento prodotti dal trattamento in loco di rifiuti fotografici"
"090107";"09";"01";"07";0;"carta e pellicole per fotografia, contenenti argento o composti dell'argento"
"090108";"09";"01";"08";0;"carta e pellicole per fotografia, non contenenti argento o composti dell'argento"
"090110";"09";"01";"10";0;"macchine fotografiche monouso senza batterie"
"090111";"09";"01";"11";1;"macchine fotografiche monouso contenenti batterie incluse nelle voci 16 06 01, 16 06 02 o 16 06 03"
"090112";"09";"01";"12";0;"macchine fotografiche monouso diverse da quelle di cui alla voce 09 01 11"
"090113";"09";"01";"13";1;"rifiuti liquidi acquosi prodotti dal recupero in loco dell'argento, diversi da quelli di cui alla voce 09 01 06"
"090199";"09";"01";"99";0;"rifiuti non specificati altrimenti"
"100000";"10";"00";"00";0;"Rifiuti prodotti da processi termici"
"100100";"10";"01";"00";0;"rifiuti prodotti da centrali termiche ed altri impianti termici (tranne 19)"
"100101";"10";"01";"01";0;"ceneri pesanti, scorie e polveri di caldaia (tranne le polveri di caldaia di cui alla voce 10 01 04)"
"100102";"10";"01";"02";0;"ceneri leggere di carbone"
"100103";"10";"01";"03";0;"ceneri leggere di torba e di legno non trattato"
"100104";"10";"01";"04";1;"ceneri leggere di olio combustibile e polveri di caldaia"
"100105";"10";"01";"05";0;"rifiuti solidi prodotti da reazioni a base di calcio nei processi di desolforazione dei fumi"
"100107";"10";"01";"07";0;"rifiuti fangosi prodotti da reazioni a base di calcio nei processi di desolforazione dei fumi"
"100109";"10";"01";"09";1;"acido solforico"
"100113";"10";"01";"13";1;"ceneri leggere prodotte da idrocarburi emulsionati usati come carburante"
"100114";"10";"01";"14";1;"ceneri pesanti, scorie e polveri di caldaia prodotte dal coincenerimento, contenenti sostanze pericolose"
"100115";"10";"01";"15";0;"ceneri pesanti, scorie e polveri di caldaia prodotte dal coincenerimento, diverse da quelli di cui alla voce 10 01 04 14"
"100116";"10";"01";"16";1;"ceneri leggere prodotte dal coincenerimento, contenenti sostanze pericolose"
"100117";"10";"01";"17";0;"ceneri leggere prodotte dal coincenerimento, diverse da quelle di cui alla voce 10 01 16"
"100118";"10";"01";"18";1;"rifiuti prodotti dalla depurazione dei fumi, contenenti sostanze pericolose"
"100119";"10";"01";"19";0;"rifiuti prodotti dalla depurazione dei fumi, diversi da quelli di cui alle voci 10 01 05, 10 01 07 e 10 01 18"
"100120";"10";"01";"20";1;"fanghi prodotti dal trattamento in loco degli effluenti, contenenti sostanze pericolose"
"100121";"10";"01";"21";0;"fanghi prodotti dal trattamento in loco degli effluenti, diversi da quelli di cui alla voce 10 01 20"
"100122";"10";"01";"22";1;"fanghi acquosi da operazioni di pulizia caldaie, contenenti sostanze pericolose"
"100123";"10";"01";"23";0;"fanghi acquosi da operazioni di pulizia caldaie, diversi da quelli di cui alla voce 10 01 22"
"100124";"10";"01";"24";0;"sabbie dei reattori a letto fluidizzato"
"100125";"10";"01";"25";0;"rifiuti dell'immagazzinamento e della preparazione del combustibile delle centrali termoelettriche a carbone"
"100126";"10";"01";"26";0;"rifiuti prodotti dal trattamento delle acque di raffreddamento"
"100199";"10";"01";"99";0;"rifiuti non specificati altrimenti"
"100200";"10";"02";"00";0;"rifiuti dell'industria del ferro e dell'acciaio"
"100201";"10";"02";"01";0;"rifiuti del trattamento delle scorie"
"100202";"10";"02";"02";0;"scorie non trattate"
"100207";"10";"02";"07";1;"rifiuti solidi prodotti dal trattamento dei fumi, contenenti sostanze pericolose"
"100208";"10";"02";"08";0;"rifiuti prodotti dal trattamento dei fumi, diversi da quelli di cui alla voce 10 02 07"
"100210";"10";"02";"10";0;"scaglie di laminazione"
"100211";"10";"02";"11";1;"rifiuti prodotti dal trattamento delle acque di raffreddamento, contenti oli"
"100212";"10";"02";"12";0;"rifiuti prodotti dal trattamento delle acque di raffreddamento, diversi da quelli di cui alla voce 10 02 11"
"100213";"10";"02";"13";1;"fanghi e residui di filtrazione prodotti dal trattamento dei fumi, contenenti sostanze pericolose"
"100214";"10";"02";"14";0;"fanghi e residui di filtrazione prodotti dal trattamento dei fumi, diversi da quelli di cui alla voce 10 02 13"
"100215";"10";"02";"15";0;"altri fanghi e residui di filtrazione"
"100299";"10";"02";"99";0;"rifiuti non specificati altrimenti"
"100300";"10";"03";"00";0;"rifiuti della metallurgia termica dell'alluminio"
"100302";"10";"03";"02";0;"frammenti di anodi"
"100304";"10";"03";"04";1;"scorie della produzione primaria"
"100305";"10";"03";"05";0;"rifiuti di allumina"
"100308";"10";"03";"08";1;"scorie saline della produzione secondaria"
"100309";"10";"03";"09";1;"scorie nere della produzione secondaria"
"100315";"10";"03";"15";1;"schiumature infiammabili o che rilasciano, al contatto con l'acqua, gas infiammabili in quantità pericolose"
"100316";"10";"03";"16";0;"schiumature diverse da quelle di cui alla voce 10 03 15"
"100317";"10";"03";"17";1;"rifiuti contenenti catrame della produzione degli anodi"
"100318";"10";"03";"18";0;"rifiuti contenenti catrame carbone della produzione degli anodi, diversi da quelli di cui alla voce 10 03 17"
"100319";"10";"03";"19";1;"polveri dei gas di combustione, contenenti sostanze pericolose"
"100320";"10";"03";"20";0;"polveri dei gas di combustione, diverse da quelle di cui alla voce 10 03 19"
"100321";"10";"03";"21";1;"altre polveri e particolati (comprese quelle prodotte da mulini a palle), contenenti sostanze pericolose"
"100322";"10";"03";"22";0;"altre polveri e particolati (comprese quelle prodotte da mulini a palle), diverse da quelle di cui alla voce 10 03 21"
"100323";"10";"03";"23";1;"rifiuti solidi prodotti dal trattamento dei fumi, contenenti sostanze pericolose"
"100324";"10";"03";"24";0;"rifiuti prodotti dal trattamento dei fumi, diversi da quelli di cui alla voce 10 03 23"
"100325";"10";"03";"25";1;"fanghi e residui di filtrazione prodotti dal trattamento dei fumi, contenenti sostanze pericolose"
"100326";"10";"03";"26";0;"fanghi e residui di filtrazione prodotti dal trattamento dei fumi, diversi da quelli di cui alla voce 10 03 25"
"100327";"10";"03";"27";1;"rifiuti prodotti dal trattamento delle acque di raffreddamento, contenenti oli"
"100328";"10";"03";"28";0;"rifiuti prodotti dal trattamento delle acque di raffreddamento, diversi da quelli di cui alla voce 10 03 27"
"100329";"10";"03";"29";1;"rifiuti prodotti dal trattamento di scorie saline e scorie nere, contenenti sostanze pericolose"
"100330";"10";"03";"30";0;"rifiuti prodotti dal trattamento di scorie saline e scorie nere, diversi da quelli di cui alla voce 10 03 29"
"100399";"10";"03";"99";0;"rifiuti non specificati altrimenti"
"100400";"10";"04";"00";0;"rifiuti della metallurgia termica del piombo"
"100401";"10";"04";"01";1;"scorie della produzione primaria e secondaria"
"100402";"10";"04";"02";1;"impurità e schiumature della produzione primaria e secondaria"
"100403";"10";"04";"03";1;"arsenato di calcio"
"100404";"10";"04";"04";1;"polveri dei gas di combustione"
"100405";"10";"04";"05";1;"altre polveri e particolato"
"100406";"10";"04";"06";1;"rifiuti solidi prodotti dal trattamento dei fumi"
"100407";"10";"04";"07";1;"fanghi e residui di filtrazione prodotti dal trattamento dei fumi"
"100409";"10";"04";"09";1;"rifiuti prodotti dal trattamento delle acque di raffreddamento, contenenti oli"
"100410";"10";"04";"10";0;"rifiuti prodotti dal trattamento delle acque di raffreddamento, diversi da quelli di cui alla voce 10 04 09"
"100499";"10";"04";"99";0;"rifiuti non specificati altrimenti"
"100500";"10";"05";"00";0;"rifiuti della metallurgia termica dello zinco"
"100501";"10";"05";"01";0;"scorie della produzione primaria e secondaria"
"100503";"10";"05";"03";1;"polveri dei gas di combustione"
"100504";"10";"05";"04";0;"altre polveri e particolato"
"100505";"10";"05";"05";1;"rifiuti solidi prodotti dal trattamento dei fumi"
"100506";"10";"05";"06";1;"fanghi e residui di filtrazione prodotti dal trattamento dei fumi"
"100508";"10";"05";"08";1;"rifiuti prodotti dal trattamento delle acque di raffreddamento, contenenti oli"
"100509";"10";"05";"09";0;"rifiuti prodotti dal trattamento delle acque di raffreddamento, diversi da quelli di cui alla voce 10 05 08"
"100510";"10";"05";"10";1;"scorie e schiumature infiammabili o che rilasciano, al contatto con l'acqua, gas infiammabili in quantità pericolose"
"100511";"10";"05";"11";0;"scorie e schiumature diverse da quelle di cui alla voce 10 05 10"
"100599";"10";"05";"99";0;"rifiuti non specificati altrimenti"
"100600";"10";"06";"00";0;"rifiuti della metallurgia termica del rame"
"100601";"10";"06";"01";0;"scorie della produzione primaria e secondaria"
"100602";"10";"06";"02";0;"impurità e schiumature della produzione primaria e secondaria"
"100603";"10";"06";"03";1;"polveri dei gas di combustione"
"100604";"10";"06";"04";0;"altre polveri e particolato"
"100606";"10";"06";"06";1;"rifiuti solidi prodotti dal trattamento dei fumi"
"100607";"10";"06";"07";1;"fanghi e residui di filtrazione prodotti dal trattamento dei fumi"
"100609";"10";"06";"09";1;"rifiuti prodotti dal trattamento delle acque di raffreddamento, contenenti oli"
"100610";"10";"06";"10";0;"rifiuti prodotti dal trattamento delle acque di raffreddamento, diversi da quelli di cui alla voce 10 06 09"
"100699";"10";"06";"99";0;"rifiuti non specificati altrimenti"
"100700";"10";"07";"00";0;"rifiuti della metallurgia termica di argento, oro e platino"
"100701";"10";"07";"01";0;"scorie della produzione primaria e secondaria"
"100702";"10";"07";"02";0;"impurità e schiumature della produzione primaria e secondaria"
"100703";"10";"07";"03";0;"rifiuti solidi prodotti dal trattamento dei fumi"
"100704";"10";"07";"04";0;"altre polveri e particolato"
"100705";"10";"07";"05";0;"fanghi e residui di filtrazione prodotti dal trattamento dei fumi"
"100707";"10";"07";"07";1;"rifiuti prodotti dal trattamento delle acque di raffreddamento, contenenti oli"
"100708";"10";"07";"08";0;"rifiuti prodotti dal trattamento delle acque di raffreddamento, diversi da quelli di cui alla voce 10 07 07"
"100799";"10";"07";"99";0;"rifiuti non specificati altrimenti"
"100800";"10";"08";"00";0;"rifiuti della metallurgia termica di altri minerali non ferrosi"
"100804";"10";"08";"04";0;"polveri e particolato"
"100808";"10";"08";"08";1;"scorie salate della produzione primaria e secondaria"
"100809";"10";"08";"09";0;"altre scorie"
"100810";"10";"08";"10";1;"impurità e schiumature infiammabili o che rilasciano, al contatto con l'acqua, gas infiammabili in quantità pericolose"
"100811";"10";"08";"11";0;"impurità e schiumature diverse da quelle di cui alla voce 10 08 10"
"100812";"10";"08";"12";1;"rifiuti contenenti catrame derivante dalla produzione degli anodi"
"100813";"10";"08";"13";0;"rifiuti contenenti carbone della produzione degli anodi, diversi da quelli di cui alla voce 10 08 12"
"100814";"10";"08";"14";0;"frammenti di anodi"
"100815";"10";"08";"15";1;"polveri dei gas di combustione, contenenti sostanze pericolose"
"100816";"10";"08";"16";0;"polveri dei gas di combustione, diverse da quelle di cui alla voce 10 08 15"
"100817";"10";"08";"17";1;"fanghi e residui di filtrazione prodotti dal trattamento dei fumi, contenenti sostanze pericolose"
"100818";"10";"08";"18";0;"fanghi e residui di filtrazione prodotti dal trattamento dei fumi, diversi da quelli di cui alla voce 10 08 17"
"100819";"10";"08";"19";1;"rifiuti prodotti dal trattamento delle acque di raffreddamento, contenenti oli"
"100820";"10";"08";"20";0;"rifiuti prodotti dal trattamento delle acque di raffreddamento, diversi da quelli di cui alla voce 10 08 19"
"100899";"10";"08";"99";0;"rifiuti non specificati altrimenti"
"100900";"10";"09";"00";0;"rifiuti della fusione di materiali ferrosi"
"100903";"10";"09";"03";0;"scorie di fusione"
"100905";"10";"09";"05";1;"forme e anime da fonderia non utilizzate, contenenti sostanze pericolose"
"100906";"10";"09";"06";0;"forme e anime da fonderia non utilizzate, diverse da quelle di cui alla voce 10 09 05"
"100907";"10";"09";"07";1;"forme e anime da fonderia utilizzate, contenenti sostanze pericolose"
"100908";"10";"09";"08";0;"forme e anime da fonderia utilizzate, diverse da quelle di cui alla voce 10 09 07"
"100909";"10";"09";"09";1;"polveri dei gas di combustione contenenti sostanze pericolose"
"100910";"10";"09";"10";0;"polveri dei gas di combustione diverse da quelle di cui alla voce 10 09 09"
"100911";"10";"09";"11";1;"altri particolati contenenti sostanze pericolose"
"100912";"10";"09";"12";0;"altri particolati diversi da quelli di cui alla voce 10 09 11"
"100913";"10";"09";"13";1;"leganti per rifiuti contenenti sostanze pericolose"
"100914";"10";"09";"14";0;"leganti per rifiuti diversi da quelli di cui alla voce 10 09 13"
"100915";"10";"09";"15";1;"scarti di prodotti rilevatori di crepe, contenenti sostanze pericolose"
"100916";"10";"09";"16";0;"scarti di prodotti rilevatori di crepe, diversi da quelli di cui alla voce 10 09 15"
"100999";"10";"09";"99";0;"rifiuti non specificati altrimenti"
"101000";"10";"10";"00";0;"rifiuti della fusione di materiali non ferrosi"
"101003";"10";"10";"03";0;"scorie di fusione"
"101005";"10";"10";"05";1;"forme e anime da fonderia non utilizzate, contenenti sostanze pericolose"
"101006";"10";"10";"06";0;"forme e anime da fonderia non utilizzate, diverse da quelle di cui alla voce 10 10 05"
"101007";"10";"10";"07";1;"forme e anime da fonderia utilizzate, contenenti sostanze pericolose"
"101008";"10";"10";"08";0;"forme e anime da fonderia utilizzate, diverse da quelle di cui alla voce 10 10 07"
"101009";"10";"10";"09";1;"polveri dei gas di combustione, contenenti sostanze pericolose"
"101010";"10";"10";"10";0;"polveri dei gas di combustione, diverse da quelle di cui alla voce 10 10 09"
"101011";"10";"10";"11";1;"altri particolati contenenti sostanze pericolose"
"101012";"10";"10";"12";0;"altri particolati diversi da quelli di cui alla voce 10 10 11"
"101013";"10";"10";"13";1;"leganti per rifiuti contenenti sostanze pericolose"
"101014";"10";"10";"14";0;"leganti per rifiuti diversi da quelli di cui alla voce 10 10 13"
"101015";"10";"10";"15";1;"scarti di prodotti rilevatori di crepe, contenenti sostanze pericolose"
"101016";"10";"10";"16";0;"scarti di prodotti rilevatori di crepe, diversi da quelli di cui alla voce 10 10 15"
"101099";"10";"10";"99";0;"rifiuti non specificati altrimenti"
"101100";"10";"11";"00";0;"rifiuti della fabbricazione del vetro e di prodotti di vetro"
"101103";"10";"11";"03";0;"scarti di materiali in fibra a base di vetro"
"101105";"10";"11";"05";0;"polveri e particolato"
"101109";"10";"11";"09";1;"scarti di mescole non sottoposte a trattamento termico, contenenti sostanze pericolose"
"101110";"10";"11";"10";0;"scarti di mescole non sottoposte a trattamento termico, diverse da quelle di cui alla voce 10 11 09"
"101111";"10";"11";"11";1;"rifiuti di vetro in forma di particolato e polveri di vetro contenenti metalli pesanti (provenienti ad es. da tubi a raggi catodici)"
"101112";"10";"11";"12";0;"rifiuti di vetro diversi da quelli di cui alla voce 10 11 11"
"101113";"10";"11";"13";1;"lucidature di vetro e fanghi di macinazione, contenenti sostanze pericolose"
"101114";"10";"11";"14";0;"lucidature di vetro e fanghi di macinazione, diversi da quelli di cui alla voce 10 11 13"
"101115";"10";"11";"15";1;"rifiuti solidi prodotti dal trattamento dei fumi, contenenti sostanze pericolose"
"101116";"10";"11";"16";0;"rifiuti prodotti dal trattamento dei fumi, diversi da quelli di cui alla voce 10 11 15"
"101117";"10";"11";"17";1;"fanghi e residui di filtrazione prodotti dal trattamento dei fumi, contenenti sostanze pericolose"
"101118";"10";"11";"18";0;"fanghi e residui di filtrazione prodotti dal trattamento dei fumi, diversi da quelli di cui alla voce 10 11 17"
"101119";"10";"11";"19";1;"rifiuti solidi prodotti dal trattamento in loco degli effluenti, contenenti sostanze pericolose"
"101120";"10";"11";"20";0;"rifiuti solidi prodotti dal trattamento in loco degli effluenti, diversi da quelli di cui alla voce 10 11 19"
"101199";"10";"11";"99";0;"rifiuti non specificati altrimenti"
"101200";"10";"12";"00";0;"10 12 00 rifiuti della fabbricazione di prodotti di ceramica, mattoni, mattonelle e materiali da costruzione"
"101201";"10";"12";"01";0;"scarti di mescole non sottoposte a trattamento termico"
"101203";"10";"12";"03";0;"polveri e particolato"
"101205";"10";"12";"05";0;"fanghi e residui di filtrazione prodotti dal trattamento dei fumi"
"101206";"10";"12";"06";0;"stampi di scarto"
"101208";"10";"12";"08";0;"scarti di ceramica, mattoni, mattonelle e materiali da costruzione (sottoposti a trattamento termico)"
"101209";"10";"12";"09";1;"rifiuti solidi prodotti dal trattamento dei fumi, contenenti sostanze pericolose"
"101210";"10";"12";"10";0;"rifiuti solidi prodotti dal trattamento dei fumi, diversi da quelli di cui alla voce 10 12 09"
"101211";"10";"12";"11";1;"rifiuti delle operazioni di smaltatura, contenenti metalli pesanti"
"101212";"10";"12";"12";0;"rifiuti delle operazioni di smaltatura diversi da quelli di cui alla voce 10 12 11"
"101213";"10";"12";"13";0;"fanghi prodotti dal trattamento in loco degli effluenti"
"101299";"10";"12";"99";0;"rifiuti non specificati altrimenti"
"101300";"10";"13";"00";0;"rifiuti della fabbricazione di cemento, calce e gesso e manufatti di tali materiali"
"101301";"10";"13";"01";0;"scarti di mescole non sottoposte a trattamento termico"
"101304";"10";"13";"04";0;"rifiuti di calcinazione e di idratazione della calce"
"101306";"10";"13";"06";0;"polveri e particolato (eccetto quelli delle voci 10 13 12 e 10 13 13)"
"101307";"10";"13";"07";0;"fanghi e residui di filtrazione prodotti dal trattamento dei fumi"
"101309";"10";"13";"09";1;"rifiuti della fabbricazione di amianto cemento, contenenti amianto"
"101310";"10";"13";"10";0;"rifiuti della fabbricazione di amianto cemento, diversi da quelli di cui alla voce 10 13 09"
"101311";"10";"13";"11";0;"rifiuti della produzione di materiali compositi a base di cemento, diversi da quelli di cui alle voci 10 13 09 e 10 13 10"
"101312";"10";"13";"12";1;"rifiuti solidi prodotti dal trattamento dei fumi, contenenti sostanze pericolose"
"101313";"10";"13";"13";0;"rifiuti solidi prodotti dal trattamento dei fumi, diversi da quelli di cui alla voce 10 13 12"
"101314";"10";"13";"14";0;"rifiuti e fanghi di cemento"
"101399";"10";"13";"99";0;"rifiuti non specificati altrimenti"
"101400";"10";"14";"00";0;"rifiuti prodotti dai forni crematori"
"101401";"10";"14";"01";1;"rifiuti prodotti dalla depurazione dei fumi, contenenti mercurio"
"110000";"11";"00";"00";0;"Rifiuti prodotti dal trattamento chimico superficiale e dal rivestimento di metalli ed altri materiali;  idrometallurgia non ferrosa"
"110100";"11";"01";"00";0;"rifiuti prodotti dal trattamento e ricopertura di metalli (ad esempio, processi galvanici, zincatura, decapaggio, pulitura elettrolitica, fosfatazione, sgrassaggio con alcali, anodizzazione)"
"110105";"11";"01";"05";1;"acidi di decappaggio"
"110106";"11";"01";"06";1;"acidi non specificati altrimenti"
"110107";"11";"01";"07";1;"basi di decappaggio"
"110108";"11";"01";"08";1;"fanghi di fosfatazione"
"110109";"11";"01";"09";1;"fanghi e residui di filtrazione, contenenti sostanze pericolose"
"110110";"11";"01";"10";0;"fanghi e residui di filtrazione, diversi da quelli di cui alla voce 11 01 09"
"110111";"11";"01";"11";1;"soluzioni acquose di lavaggio, contenenti sostanze pericolose"
"110112";"11";"01";"12";0;"soluzioni acquose di lavaggio, diverse da quelle di cui alla voce 10 01 11"
"110113";"11";"01";"13";1;"rifiuti di sgrassaggio contenenti sostanze pericolose"
"110114";"11";"01";"14";0;"rifiuti di sgrassaggio diversi da quelli di cui alla voce 11 01 13"
"110115";"11";"01";"15";1;"eluati e fanghi di sistemi a membrana e sistemi a scambio ionico, contenenti sostanze pericolose"
"110116";"11";"01";"16";1;"resine a scambio ionico saturate o esaurite"
"110198";"11";"01";"98";1;"altri rifiuti contenenti sostanze pericolose"
"110199";"11";"01";"99";0;"rifiuti non specificati altrimenti"
"110200";"11";"02";"00";0;"rifiuti prodotti dalla lavorazione idrometallurgica di metalli non ferrosi"
"110202";"11";"02";"02";1;"rifiuti della lavorazione idrometallurgica dello zinco (compresi jarosite, goethite)"
"110203";"11";"02";"03";0;"rifiuti della produzione di anodi per processi elettrolitici acquosi"
"110205";"11";"02";"05";1;"rifiuti della lavorazione idrometallurgica del rame, contenenti sostanze pericolose"
"110206";"11";"02";"06";0;"rifiuti della lavorazione idrometallurgica del rame, diversi da quelli della voce 11 02 05"
"110207";"11";"02";"07";1;"altri rifiuti contenenti sostanze pericolose"
"110299";"11";"02";"99";0;"rifiuti non specificati altrimenti"
"110300";"11";"03";"00";0;"rifiuti solidi e fanghi prodotti da processi di rinvenimento"
"110301";"11";"03";"01";1;"rifiuti contenenti cianuro"
"110302";"11";"03";"02";1;"altri rifiuti"
"110500";"11";"05";"00";0;"rifiuti prodotti da processi di galvanizzazione a caldo"
"110501";"11";"05";"01";0;"zinco solido"
"110502";"11";"05";"02";0;"ceneri di zinco"
"110503";"11";"05";"03";1;"rifiuti solidi prodotti dal trattamento dei fumi"
"110504";"11";"05";"04";1;"fondente esaurito"
"110599";"11";"05";"99";0;"rifiuti non specificati altrimenti"
"120000";"12";"00";"00";0;"Rifiuti prodotti dalla lavorazione e dal trattamento fisico e meccanico superficiale di metalli e plastica"
"120100";"12";"01";"00";0;"rifiuti prodotti dalla lavorazione e dal trattamento fisico e meccanico superficiale di metalli e plastiche"
"120101";"12";"01";"01";0;"limatura e trucioli di materiali ferrosi"
"120102";"12";"01";"02";0;"polveri e particolato di materiali ferrosi"
"120103";"12";"01";"03";0;"limatura e trucioli di materiali non ferrosi"
"120104";"12";"01";"04";0;"polveri e particolato di materiali non ferrosi"
"120105";"12";"01";"05";0;"limatura e trucioli di materiali plastici"
"120106";"12";"01";"06";1;"oli minerali per macchinari, contenenti alogeni (eccetto emulsioni e soluzioni)"
"120107";"12";"01";"07";1;"oli minerali per macchinari, non contenenti alogeni (eccetto emulsioni e soluzioni)"
"120108";"12";"01";"08";1;"emulsioni e soluzioni per macchinari, contenenti alogeni"
"120109";"12";"01";"09";1;"emulsioni e soluzioni per macchinari, non contenenti alogeni"
"120110";"12";"01";"10";1;"oli sintetici per macchinari"
"120112";"12";"01";"12";1;"cere e grassi esauriti"
"120113";"12";"01";"13";0;"rifiuti di saldatura"
"120114";"12";"01";"14";1;"fanghi di lavorazione, contenenti sostanze pericolose"
"120115";"12";"01";"15";0;"fanghi di lavorazione, diversi da quelli di cui alla voce 12 01 14"
"120116";"12";"01";"16";1;"materiale abrasivo di scarto, contenente sostanze pericolose"
"120117";"12";"01";"17";0;"materiale abrasivo di scarto, diverso da quello di cui alla voce 12 01 16"
"120118";"12";"01";"18";1;"fanghi metallici (fanghi di rettifica, affilatura e lappatura) contenenti olio"
"120119";"12";"01";"19";1;"oli per macchinari, facilmente biodegradabili"
"120120";"12";"01";"20";1;"corpi d'utensile e materiali di rettifica esauriti, contenenti sostanze pericolose"
"120121";"12";"01";"21";0;"corpi d'utensile e materiali di rettifica esauriti, diversi da quelli di cui alla voce 12 01 20"
"120199";"12";"01";"99";0;"rifiuti non specificati altrimenti"
"120300";"12";"03";"00";0;"rifiuti prodotti da processi di sgrassatura ad acqua e vapore (tranne 11)"
"120301";"12";"03";"01";1;"soluzioni acquose di lavaggio"
"120302";"12";"03";"02";1;"rifiuti prodotti da processi di sgrassatura a vapore"
"130000";"13";"00";"00";0;"Oli esauriti e residui di combustibili liquidi (tranne oli commestibili ed oli di cui ai capitoli 05, 12 e 19)"
"130100";"13";"01";"00";0;"scarti di oli per circuiti idraulici"
"130101";"13";"01";"01";1;"oli per circuiti idraulici contenenti PCB"
"130104";"13";"01";"04";1;"emulsioni clorurate"
"130105";"13";"01";"05";1;"emulsioni non clorurate"
"130109";"13";"01";"09";1;"oli minerali per circuiti idraulici, clorurati"
"130110";"13";"01";"10";1;"oli minerali per circuiti idraulici, non clorurati"
"130111";"13";"01";"11";1;"oli sintetici per circuiti idraulici"
"130112";"13";"01";"12";1;"oli per circuiti idraulici, facilmente biodegradabili"
"130113";"13";"01";"13";1;"altri oli per circuiti idraulici"
"130200";"13";"02";"00";0;"scarti di olio motore, olio per ingranaggi e oli lubrificanti"
"130204";"13";"02";"04";1;"scarti di olio minerale per motori, ingranaggi e lubrificazione, clorurati"
"130205";"13";"02";"05";1;"scarti di olio minerale per motori, ingranaggi e lubrificazione, non clorurati"
"130206";"13";"02";"06";1;"scarti di olio sintetico per motori, ingranaggi e lubrificazione"
"130207";"13";"02";"07";1;"olio per motori, ingranaggi e lubrificazione, facilmente biodegradabile"
"130208";"13";"02";"08";1;"altri oli per motori, ingranaggi e lubrificazione"
"130300";"13";"03";"00";0;"oli isolanti e termoconduttori di scarto"
"130301";"13";"03";"01";1;"oli isolanti e termoconduttori, contenenti PCB"
"130306";"13";"03";"06";1;"oli minerali isolanti e termoconduttori clorurati, diversi da quelli di cui alla voce 13 03 01"
"130307";"13";"03";"07";1;"oli minerali isolanti e termoconduttori non clorurati"
"130308";"13";"03";"08";1;"oli sintetici isolanti e termoconduttori"
"130309";"13";"03";"09";1;"oli isolanti e termoconduttori, facilmente biodegradabili"
"130310";"13";"03";"10";1;"altri oli isolanti e termoconduttori"
"130400";"13";"04";"00";0;"oli di sentina"
"130401";"13";"04";"01";1;"oli di sentina della navigazione interna"
"130402";"13";"04";"02";1;"oli di sentina delle fognature dei moli"
"130403";"13";"04";"03";1;"altri oli di sentina della navigazione"
"130500";"13";"05";"00";0;"prodotti di separazione olio/acqua"
"130501";"13";"05";"01";1;"rifiuti solidi delle camere a sabbia e di prodotti di separazione olio/acqua"
"130502";"13";"05";"02";1;"fanghi di prodotti di separazione olio/acqua"
"130503";"13";"05";"03";1;"fanghi da collettori"
"130506";"13";"05";"06";1;"oli prodotti dalla separazione olio/acqua"
"130507";"13";"05";"07";1;"acque oleose prodotte dalla separazione olio/acqua"
"130508";"13";"05";"08";1;"miscugli di rifiuti delle camere a sabbia e dei prodotti di separazione olio/acqua"
"130700";"13";"07";"00";0;"rifiuti di carburanti liquidi"
"130701";"13";"07";"01";1;"olio combustibile e carburante diesel"
"130702";"13";"07";"02";1;"petrolio"
"130703";"13";"07";"03";1;"altri carburanti (comprese le miscele)"
"130800";"13";"08";"00";0;"rifiuti di oli non specificati altrimenti"
"130801";"13";"08";"01";1;"fanghi ed emulsioni prodotti dai processi di dissalazione"
"130802";"13";"08";"02";1;"altre emulsioni"
"130899";"13";"08";"99";1;"rifiuti non specificati altrimenti"
"140000";"14";"00";"00";0;"Solventi organici, refrigeranti e propellenti di scarto (tranne 07 e 08)"
"140600";"14";"06";"00";0;"solventi organici, refrigeranti e propellenti di schiuma/aerosol di scarto"
"140601";"14";"06";"01";1;"clorofluorocarburi, HCFC, HFC"
"140602";"14";"06";"02";1;"altri solventi e miscele di solventi, alogenati"
"140603";"14";"06";"03";1;"altri solventi e miscele di solventi"
"140604";"14";"06";"04";1;"fanghi o rifiuti solidi, contenenti solventi alogenati"
"140605";"14";"06";"05";1;"fanghi o rifiuti solidi, contenenti altri solventi"
"150000";"15";"00";"00";0;"Rifiuti di imballaggio, assorbenti, stracci, materiali filtranti e indumenti protettivi (non specificati altrimenti)"
"150100";"15";"01";"00";0;"imballaggi (compresi i rifiuti urbani di imballaggio oggetto di raccolta differenziata)"
"150101";"15";"01";"01";0;"imballaggi in carta e cartone"
"150102";"15";"01";"02";0;"imballaggi in plastica"
"150103";"15";"01";"03";0;"imballaggi in legno"
"150104";"15";"01";"04";0;"imballaggi metallici"
"150105";"15";"01";"05";0;"imballaggi in materiali compositi"
"150106";"15";"01";"06";0;"imballaggi in materiali misti"
"150107";"15";"01";"07";0;"imballaggi in vetro"
"150109";"15";"01";"09";0;"imballaggi in materia tessile"
"150110";"15";"01";"10";1;"imballaggi contenenti residui di sostanze pericolose o contaminati da tali sostanze"
"150111";"15";"01";"11";1;"imballaggi metallici contenenti matrici solide porose pericolose (ad esempio amianto), compresi i contenitori a pressione vuoti"
"150200";"15";"02";"00";0;"assorbenti, materiali filtranti, stracci e indumenti protettivi"
"150202";"15";"02";"02";1;"assorbenti, materiali filtranti (inclusi filtri dell'olio non specificati altrimenti), stracci e indumenti protettivi, contaminati da sostanze pericolose"
"150203";"15";"02";"03";0;"assorbenti, materiali filtranti, stracci e indumenti protettivi, diversi da quelli di cui alla voce 15 02 02"
"160000";"16";"00";"00";0;"Rifiuti non specificati altrimenti nell'elenco"
"160100";"16";"01";"00";0;"veicoli fuori uso appartenenti a diversi modi di trasporto (comprese le macchine mobili non stradali) e rifiuti prodotti dallo smantellamento di veicoli fuori uso e dalla manutenzione di veicoli (tranne 13, 14, 16 06 e 16 08)"
"160103";"16";"01";"03";0;"pneumatici fuori uso"
"160104";"16";"01";"04";1;"veicoli fuori uso"
"160106";"16";"01";"06";0;"veicoli fuori uso, non contenenti liquidi né altre componenti pericolose"
"160107";"16";"01";"07";1;"filtri dell'olio"
"160108";"16";"01";"08";1;"componenti contenenti mercurio"
"160109";"16";"01";"09";1;"componenti contenenti PCB"
"160110";"16";"01";"10";1;"componenti esplosivi (ad esempio ""air bag"")"
"160111";"16";"01";"11";1;"pastiglie per freni, contenenti amianto"
"160112";"16";"01";"12";0;"pastiglie per freni, diverse da quelle di cui alla voce 16 01 11"
"160113";"16";"01";"13";1;"liquidi per freni"
"160114";"16";"01";"14";1;"liquidi antigelo contenenti sostanze pericolose"
"160115";"16";"01";"15";0;"liquidi antigelo diversi da quelli di cui alla voce 16 01 14"
"160116";"16";"01";"16";0;"serbatoi per gas liquido"
"160117";"16";"01";"17";0;"metalli ferrosi"
"160118";"16";"01";"18";0;"metalli non ferrosi"
"160119";"16";"01";"19";0;"plastica"
"160120";"16";"01";"20";0;"vetro"
"160121";"16";"01";"21";1;"componenti pericolosi diversi da quelli di cui alle voci da 16 01 07 a 16 01 11, 16 01 13 e 16 01 14"
"160122";"16";"01";"22";0;"componenti non specificati altrimenti"
"160199";"16";"01";"99";0;"rifiuti non specificati altrimenti"
"160200";"16";"02";"00";0;"scarti provenienti da apparecchiature elettriche ed elettroniche"
"160209";"16";"02";"09";1;"trasformatori e condensatori contenenti PCB"
"160210";"16";"02";"10";1;"apparecchiature fuori uso contenenti PCB o da essi contaminate, diverse da quelle di cui alla voce 16 02 09"
"160211";"16";"02";"11";1;"apparecchiature fuori uso, contenenti clorofluorocarburi, HCFC, HFC"
"160212";"16";"02";"12";1;"apparecchiature fuori uso, contenenti amianto in fibre libere"
"160213";"16";"02";"13";1;"apparecchiature fuori uso, contenenti componenti pericolosi diversi da quelli di cui alle voci 16 02 09 e 16 02 12"
"160214";"16";"02";"14";0;"apparecchiature fuori uso, diverse da quelle di cui alle voci da 16 02 09 a 16 02 13"
"160215";"16";"02";"15";1;"componenti pericolosi rimossi da apparecchiature fuori uso"
"160216";"16";"02";"16";0;"componenti rimossi da apparecchiature fuori uso, diversi da quelli di cui alla voce 16 02 15"
"160300";"16";"03";"00";0;"prodotti fuori specifica e prodotti inutilizzati"
"160303";"16";"03";"03";1;"rifiuti inorganici, contenenti sostanze pericolose"
"160304";"16";"03";"04";0;"rifiuti inorganici, diversi da quelli di cui alla voce 16 03 03"
"160305";"16";"03";"05";1;"rifiuti organici, contenenti sostanze pericolose"
"160306";"16";"03";"06";0;"rifiuti organici, diversi da quelli di cui alla voce 16 03 05"
"160400";"16";"04";"00";0;"esplosivi di scarto"
"160401";"16";"04";"01";1;"munizioni di scarto"
"160402";"16";"04";"02";1;"fuochi artificiali di scarto"
"160403";"16";"04";"03";1;"altri esplosivi di scarto"
"160500";"16";"05";"00";0;"gas in contenitori a pressione e prodotti chimici di scarto"
"160504";"16";"05";"04";1;"gas in contenitori a pressione (compresi gli halon), contenenti sostanze pericolose"
"160505";"16";"05";"05";0;"gas in contenitori a pressione, diversi da quelli di cui alla voce 16 05 04"
"160506";"16";"05";"06";1;"sostanze chimiche di laboratorio contenenti o costituite da sostanze pericolose, comprese le miscele di sostanze chimiche di laboratorio"
"160507";"16";"05";"07";1;"sostanze chimiche inorganiche di scarto contenenti o costituite da sostanze pericolose"
"160508";"16";"05";"08";1;"sostanze chimiche organiche di scarto contenenti o costituite da sostanze pericolose"
"160509";"16";"05";"09";0;"sostanze chimiche di scarto diverse da quelle di cui alle voci 16 05 06, 16 05 07 e 16 05 08"
"160600";"16";"06";"00";0;"batterie ed accumulatori"
"160601";"16";"06";"01";1;"batterie al piombo"
"160602";"16";"06";"02";1;"batterie al nichel-cadmio"
"160603";"16";"06";"03";1;"batterie contenenti mercurio"
"160604";"16";"06";"04";0;"batterie alcaline (tranne 16 06 03)"
"160605";"16";"06";"05";0;"altre batterie ed accumulatori"
"160606";"16";"06";"06";1;"elettroliti di batterie ed accumulatori, oggetto di raccolta differenziata"
"160700";"16";"07";"00";0;"rifiuti della pulizia di serbatoi per trasporto e stoccaggio e di fusti (tranne 05 e 13)"
"160708";"16";"07";"08";1;"rifiuti contenenti olio"
"160709";"16";"07";"09";1;"rifiuti contenenti altre sostanze pericolose"
"160799";"16";"07";"99";0;"rifiuti non specificati altrimenti"
"160800";"16";"08";"00";0;"catalizzatori esauriti"
"160801";"16";"08";"01";0;"catalizzatori esauriti contenenti oro, argento, renio, rodio, palladio, iridio o platino (tranne 16 08 07)"
"160802";"16";"08";"02";1;"catalizzatori esauriti contenenti metalli di transizione pericolosi o composti di metalli di transizione pericolosi"
"160803";"16";"08";"03";0;"catalizzatori esauriti contenenti metalli di transizione o composti di metalli di transizione, non specificati altrimenti"
"160804";"16";"08";"04";0;"catalizzatori liquidi esauriti per il da cracking catalitico fluido (tranne 16 08 07)"
"160805";"16";"08";"05";1;"catalizzatori esauriti contenenti acido fosforico"
"160806";"16";"08";"06";1;"liquidi esauriti usati come catalizzatori"
"160807";"16";"08";"07";1;"catalizzatori esauriti contaminati da sostanze pericolose"
"160900";"16";"09";"00";0;"sostanze ossidanti"
"160901";"16";"09";"01";1;"permanganati, ad esempio permanganato di potassio"
"160902";"16";"09";"02";1;"cromati, ad esempio cromato di potassio, dicromato di potassio o di sodio"
"160903";"16";"09";"03";1;"perossidi, ad esempio perossido d'idrogeno"
"160904";"16";"09";"04";1;"sostanze ossidanti non specificate altrimenti"
"161000";"16";"10";"00";0;"rifiuti liquidi acquosi destinati ad essere trattati fuori sito"
"161001";"16";"10";"01";1;"soluzioni acquose di scarto, contenenti sostanze pericolose"
"161002";"16";"10";"02";0;"soluzioni acquose di scarto, diverse da quelle di cui alla voce 16 10 01"
"161003";"16";"10";"03";1;"concentrati acquosi, contenenti sostanze pericolose"
"161004";"16";"10";"04";0;"concentrati acquosi, diversi da quelli di cui alla voce 16 10 03"
"161100";"16";"11";"00";0;"scarti di rivestimenti e materiali refrattari"
"161101";"16";"11";"01";1;"rivestimenti e materiali refrattari a base di carbone provenienti dalle lavorazioni metallurgiche, contenenti sostanze pericolose"
"161102";"16";"11";"02";0;"rivestimenti e materiali refrattari a base di carbone provenienti dalle lavorazioni metallurgiche, diversi da quelli di cui alla voce 16 11 01"
"161103";"16";"11";"03";1;"altri rivestimenti e materiali refrattari provenienti dalle lavorazioni metallurgiche, contenenti sostanze pericolose"
"161104";"16";"11";"04";0;"altri rivestimenti e materiali refrattari provenienti dalle lavorazioni metallurgiche, diversi da quelli di cui alla voce 16 11 01 03"
"161105";"16";"11";"05";1;"rivestimenti e materiali refrattari provenienti da lavorazioni non metallurgiche, contenenti sostanze pericolose"
"161106";"16";"11";"06";0;"rivestimenti e materiali refrattari provenienti da lavorazioni non metallurgiche, diversi da quelli di cui alla voce 16 11 05"
"170000";"17";"00";"00";0;"Rifiuti delle operazioni di costruzione e demolizione (compreso il terreno proveniente da siti contaminati)"
"170100";"17";"01";"00";0;"cemento, mattoni, mattonelle e ceramiche"
"170101";"17";"01";"01";0;"cemento"
"170102";"17";"01";"02";0;"mattoni"
"170103";"17";"01";"03";0;"mattonelle e ceramiche"
"170106";"17";"01";"06";1;"miscugli o scorie di cemento, mattoni, mattonelle e ceramiche, contenenti sostanze pericolose"
"170107";"17";"01";"07";0;"miscugli o scorie di cemento, mattoni, mattonelle e ceramiche, diverse da quelle di cui alla voce 17 01 06"
"170200";"17";"02";"00";0;"legno, vetro e plastica"
"170201";"17";"02";"01";0;"legno"
"170202";"17";"02";"02";0;"vetro"
"170203";"17";"02";"03";0;"plastica"
"170204";"17";"02";"04";1;"vetro, plastica e legno contenenti sostanze pericolose o da esse contaminati"
"170300";"17";"03";"00";0;"miscele bituminose, catrame di carbone e prodotti contenenti catrame"
"170301";"17";"03";"01";1;"miscele bituminose contenenti catrame di carbone"
"170302";"17";"03";"02";0;"miscele bituminose diverse da quelle di cui alla voce 17 03 01"
"170303";"17";"03";"03";1;"catrame di carbone e prodotti contenenti catrame"
"170400";"17";"04";"00";0;"metalli (incluse le loro leghe)"
"170401";"17";"04";"01";0;"rame, bronzo, ottone"
"170402";"17";"04";"02";0;"alluminio"
"170403";"17";"04";"03";0;"piombo"
"170404";"17";"04";"04";0;"zinco"
"170405";"17";"04";"05";0;"ferro e acciaio"
"170406";"17";"04";"06";0;"stagno"
"170407";"17";"04";"07";0;"metalli misti"
"170409";"17";"04";"09";1;"rifiuti metallici contaminati da sostanze pericolose"
"170410";"17";"04";"10";1;"cavi, impregnati di olio, di catrame di carbone o di altre sostanze pericolose"
"170411";"17";"04";"11";0;"cavi, diversi da quelli di cui alla voce 17 04 10"
"170500";"17";"05";"00";0;"terra (compreso il terreno proveniente da siti contaminati), rocce e fanghi di dragaggio"
"170503";"17";"05";"03";1;"terra e rocce, contenenti sostanze pericolose"
"170504";"17";"05";"04";0;"terra e rocce, diverse da quelle di cui alla voce 17 05 03"
"170505";"17";"05";"05";1;"fanghi di dragaggio, contenente sostanze pericolose"
"170506";"17";"05";"06";0;"fanghi di dragaggio, diversa da quella di cui alla voce 17 05 05"
"170507";"17";"05";"07";1;"pietrisco per massicciate ferroviarie, contenente sostanze pericolose"
"170508";"17";"05";"08";0;"pietrisco per massicciate ferroviarie, diverso da quello di cui alla voce 17 05 07"
"170600";"17";"06";"00";0;"materiali isolanti e materiali da costruzione contenenti amianto"
"170601";"17";"06";"01";1;"materiali isolanti contenenti amianto"
"170603";"17";"06";"03";1;"altri materiali isolanti contenenti o costituiti da sostanze pericolose"
"170604";"17";"06";"04";0;"materiali isolanti diversi da quelli di cui alle voci 17 06 01 e 17 06 03"
"170605";"17";"06";"05";1;"materiali da costruzione contenenti amianto"
"170800";"17";"08";"00";0;"materiali da costruzione a base di gesso"
"170801";"17";"08";"01";1;"materiali da costruzione a base di gesso contaminati da sostanze pericolose"
"170802";"17";"08";"02";0;"materiali da costruzione a base di gesso diversi da quelli di cui alla voce 17 08 01"
"170900";"17";"09";"00";0;"altri rifiuti dell'attività di costruzione e demolizione"
"170901";"17";"09";"01";1;"rifiuti dell'attività di costruzione e demolizione, contenenti mercurio"
"170902";"17";"09";"02";1;"rifiuti dell'attività di costruzione e demolizione, contenenti PCB (ad esempio sigillanti contenenti PCB, pavimentazioni a base di resina contenenti PCB, elementi stagni in vetro contenenti PCB, condensatori contenenti PCB)"
"170903";"17";"09";"03";1;"altri rifiuti dell'attività di costruzione e demolizione (compresi rifiuti misti) contenenti sostanze pericolose"
"170904";"17";"09";"04";0;"rifiuti misti dell'attività di costruzione e demolizione, diversi da quelli di cui alle voci 17 09 01, 17 09 02 e 17 09 03"
"180000";"18";"00";"00";0;"Rifiuti prodotti dal settore sanitario e veterinario o da attività di ricerca collegate (tranne i rifiuti di cucina e di ristorazione non direttamente provenienti da trattamento terapeutico)"
"180100";"18";"01";"00";0;"rifiuti dei reparti di maternità e rifiuti legati a diagnosi, trattamento e prevenzione delle malattie negli esseri umani"
"180101";"18";"01";"01";0;"oggetti da taglio (eccetto 18 01 03)"
"180102";"18";"01";"02";0;"parti anatomiche ed organi incluse le sacche per il plasma e le riserve di sangue (tranne 18 01 03)"
"180103";"18";"01";"03";1;"rifiuti che devono essere raccolti e smaltiti applicando precauzioni particolari per evitare infezioni"
"180104";"18";"01";"04";0;"rifiuti che non devono essere raccolti e smaltiti applicando precauzioni particolari per evitare infezioni (es. bende, ingessature, lenzuola, indumenti monouso, assorbenti igienici)"
"180106";"18";"01";"06";1;"sostanze chimiche pericolose o contenenti sostanze pericolose"
"180107";"18";"01";"07";0;"sostanze chimiche diverse da quelle di cui alla voce 18 01 06"
"180108";"18";"01";"08";1;"medicinali citotossici e citostatici"
"180109";"18";"01";"09";0;"medicinali diversi da quelli di cui alla voce 18 01 08"
"180110";"18";"01";"10";1;"rifiuti di amalgama prodotti da interventi odontoiatrici"
"180200";"18";"02";"00";0;"rifiuti legati alle attività di ricerca e diagnosi, trattamento e prevenzione delle malattie negli animali"
"180201";"18";"02";"01";0;"oggetti da taglio (eccetto 18 02 02)"
"180202";"18";"02";"02";1;"rifiuti che devono essere raccolti e smaltiti applicando precauzioni particolari per evitare infezioni"
"180203";"18";"02";"03";0;"rifiuti che non devono essere raccolti e smaltiti applicando precauzioni particolari per evitare infezioni"
"180205";"18";"02";"05";1;"sostanze chimiche pericolose o contenenti sostanze pericolose"
"180206";"18";"02";"06";0;"sostanze chimiche diverse da quelle di cui alla voce 18 02 05"
"180207";"18";"02";"07";1;"medicinali citotossici e citostatici"
"180208";"18";"02";"08";0;"medicinali diversi da quelli di cui alla voce 18 02 07"
"190000";"19";"00";"00";0;"Rifiuti prodotti da impianti di trattamento dei rifiuti, impianti di trattamento delle acque reflue fuori sito, nonché dalla potabilizzazione dell'acqua e dalla sua preparazione per uso industriale"
"190100";"19";"01";"00";0;"rifiuti da incenerimento o pirolisi di rifiuti"
"190102";"19";"01";"02";0;"materiali ferrosi estratti da ceneri pesanti"
"190105";"19";"01";"05";1;"residui di filtrazione prodotti dal trattamento dei fumi"
"190106";"19";"01";"06";1;"rifiuti liquidi acquosi prodotti dal trattamento dei fumi e di altri rifiuti liquidi acquosi"
"190107";"19";"01";"07";1;"rifiuti solidi prodotti dal trattamento dei fumi"
"190110";"19";"01";"10";1;"carbone attivo esaurito, impiegato per il trattamento dei fumi"
"190111";"19";"01";"11";1;"ceneri pesanti e scorie, contenenti sostanze pericolose"
"190112";"19";"01";"12";0;"ceneri pesanti e scorie, diverse da quelle di cui alla voce 19 01 11"
"190113";"19";"01";"13";1;"ceneri leggere, contenenti sostanze pericolose"
"190114";"19";"01";"14";0;"ceneri leggere, diverse da quelle di cui alla voce 19 01 13"
"190115";"19";"01";"15";1;"ceneri di caldaia, contenenti sostanze pericolose"
"190116";"19";"01";"16";0;"polveri di caldaia, diverse da quelle di cui alla voce 19 01 15"
"190117";"19";"01";"17";1;"rifiuti della pirolisi, contenenti sostanze pericolose"
"190118";"19";"01";"18";0;"rifiuti della pirolisi, diversi da quelli di cui alla voce 19 01 17"
"190119";"19";"01";"19";0;"sabbie dei reattori a letto fluidizzato"
"190199";"19";"01";"99";0;"rifiuti non specificati altrimenti"
"190200";"19";"02";"00";0;"rifiuti prodotti da specifici trattamenti chimico-fisici di rifiuti industriali (comprese decromatazione, decianizzazione, neutralizzazione)"
"190203";"19";"02";"03";0;"miscugli di rifiuti composti esclusivamente da rifiuti non pericolosi"
"190204";"19";"02";"04";1;"miscugli di rifiuti contenenti almeno un rifiuto pericoloso"
"190205";"19";"02";"05";1;"fanghi prodotti da trattamenti chimico-fisici, contenenti sostanze pericolose"
"190206";"19";"02";"06";0;"fanghi prodotti da trattamenti chimico-fisici, diversi da quelli di cui alla voce 19 02 05"
"190207";"19";"02";"07";1;"oli e concentrati prodotti da processi di separazione"
"190208";"19";"02";"08";1;"rifiuti combustibili liquidi, contenenti sostanze pericolose"
"190209";"19";"02";"09";1;"rifiuti combustibili solidi, contenenti sostanze pericolose"
"190210";"19";"02";"10";0;"rifiuti combustibili, diversi da quelli di cui alle voci 19 02 08 e 19 02 09"
"190211";"19";"02";"11";1;"altri rifiuti contenenti sostanze pericolose"
"190299";"19";"02";"99";0;"rifiuti non specificati altrimenti"
"190300";"19";"03";"00";0;"rifiuti stabilizzati/solidificati"
"190304";"19";"03";"04";1;"rifiuti contrassegnati come pericolosi, parzialmente stabilizzati"
"190305";"19";"03";"05";0;"rifiuti stabilizzati diversi da quelli di cui alla voce 19 03 04"
"190306";"19";"03";"06";1;"rifiuti contrassegnati come pericolosi, solidificati"
"190307";"19";"03";"07";0;"rifiuti solidificati diversi da quelli di cui alla voce 19 03 06"
"190400";"19";"04";"00";0;"rifiuti vetrificati e rifiuti di vetrificazione"
"190401";"19";"04";"01";0;"rifiuti vetrificati"
"190402";"19";"04";"02";1;"ceneri leggere ed altri rifiuti dal trattamento dei fumi"
"190403";"19";"04";"03";1;"fase solida non vetrificata"
"190404";"19";"04";"04";0;"rifiuti liquidi acquosi prodotti dalla tempra di rifiuti vetrificati"
"190500";"19";"05";"00";0;"rifiuti prodotti dal trattamento aerobico di rifiuti solidi"
"190501";"19";"05";"01";0;"parte di rifiuti urbani e simili non compostata"
"190502";"19";"05";"02";0;"parte di rifiuti animali e vegetali non compostata"
"190503";"19";"05";"03";0;"compost fuori specifica"
"190599";"19";"05";"99";0;"rifiuti non specificati altrimenti"
"190600";"19";"06";"00";0;"rifiuti prodotti dal trattamento anaerobico dei rifiuti"
"190603";"19";"06";"03";0;"liquidi prodotti dal trattamento anaerobico di rifiuti urbani"
"190604";"19";"06";"04";0;"digestato prodotto dal trattamento anaerobico di rifiuti urbani"
"190605";"19";"06";"05";0;"liquidi prodotti dal trattamento anaerobico di rifiuti di origine animale o vegetale"
"190606";"19";"06";"06";0;"digestato prodotto dal trattamento anaerobico di rifiuti di origine animale o vegetale"
"190699";"19";"06";"99";0;"rifiuti non specificati altrimenti"
"190700";"19";"07";"00";0;"percolato di discarica"
"190702";"19";"07";"02";1;"percolato di discarica, contenente sostanze pericolose"
"190703";"19";"07";"03";0;"percolato di discarica, diverso da quello di cui alla voce 19 07 02"
"190800";"19";"08";"00";0;"rifiuti prodotti dagli impianti per il trattamento delle acque reflue, non specificati altrimenti"
"190801";"19";"08";"01";0;"vaglio"
"190802";"19";"08";"02";0;"rifiuti dell'eliminazione della sabbia"
"190805";"19";"08";"05";0;"fanghi prodotti dal trattamento delle acque reflue urbane"
"190806";"19";"08";"06";1;"resine a scambio ionico saturate o esaurite"
"190807";"19";"08";"07";1;"soluzioni e fanghi di rigenerazione delle resine a scambio ionico"
"190808";"19";"08";"08";1;"rifiuti prodotti da sistemi a membrana, contenenti sostanze pericolose"
"190809";"19";"08";"09";0;"miscele di oli e grassi prodotte dalla separazione olio/acqua, contenenti esclusivamente oli e grassi commestibili"
"190810";"19";"08";"10";1;"miscele di oli e grassi prodotte dalla separazione olio/acqua, diverse da quelle di cui alla voce 19 08 09"
"190811";"19";"08";"11";1;"fanghi prodotti dal trattamento biologico delle acque reflue industriali, contenenti sostanze pericolose"
"190812";"19";"08";"12";0;"fanghi prodotti dal trattamento biologico delle acque reflue industriali, diversi da quelli di cui alla voce 19 08 11"
"190813";"19";"08";"13";1;"fanghi contenenti sostanze pericolose prodotti da altri trattamenti delle acque reflue industriali"
"190814";"19";"08";"14";0;"fanghi prodotti da altri trattamenti delle acque reflue industriali, diversi da quelli di cui alla voce 19 08 13"
"190899";"19";"08";"99";0;"rifiuti non specificati altrimenti"
"190900";"19";"09";"00";0;"rifiuti prodotti dalla potabilizzazione dell'acqua o dalla sua preparazione per uso industriale"
"190901";"19";"09";"01";0;"rifiuti solidi prodotti dai processi di filtrazione e vaglio primari"
"190902";"19";"09";"02";0;"fanghi prodotti dai processi di chiarificazione dell'acqua"
"190903";"19";"09";"03";0;"fanghi prodotti dai processi di decarbonatazione"
"190904";"19";"09";"04";0;"carbone attivo esaurito"
"190905";"19";"09";"05";0;"resine a scambio ionico saturate o esaurite"
"190906";"19";"09";"06";0;"soluzioni e fanghi di rigenerazione delle resine a scambio ionico"
"190999";"19";"09";"99";0;"rifiuti non specificati altrimenti"
"191000";"19";"10";"00";0;"rifiuti prodotti da operazioni di frantumazione di rifiuti contenenti metallo"
"191001";"19";"10";"01";0;"rifiuti di ferro e acciaio"
"191002";"19";"10";"02";0;"rifiuti di metalli non ferrosi"
"191003";"19";"10";"03";1;"fluff - frazione leggera e polveri, contenenti sostanze pericolose"
"191004";"19";"10";"04";0;"fluff - frazione leggera e polveri, diversi da quelli di cui alla voce 19 10 03"
"191005";"19";"10";"05";1;"altre frazioni, contenenti sostanze pericolose"
"191006";"19";"10";"06";0;"altre frazioni, diverse da quelle di cui alla voce 19 10 05"
"191100";"19";"11";"00";0;"rifiuti prodotti dalla rigenerazione dell'olio"
"191101";"19";"11";"01";1;"filtri di argilla esauriti"
"191102";"19";"11";"02";1;"catrami acidi"
"191103";"19";"11";"03";1;"rifiuti liquidi acquosi"
"191104";"19";"11";"04";1;"rifiuti prodotti dalla purificazione di carburanti tramite basi"
"191105";"19";"11";"05";1;"fanghi prodotti dal trattamento in loco degli effluenti, contenenti sostanze pericolose"
"191106";"19";"11";"06";0;"fanghi prodotti dal trattamento in loco degli effluenti, diversi da quelli di cui alla voce 19 11 05"
"191107";"19";"11";"07";1;"rifiuti prodotti dalla purificazione dei fumi"
"191199";"19";"11";"99";0;"rifiuti non specificati altrimenti"
"191200";"19";"12";"00";0;"rifiuti prodotti dal trattamento meccanico dei rifiuti (ad esempio selezione, triturazione, compattazione, riduzione in pellet) non specificati altrimenti"
"191201";"19";"12";"01";0;"carta e cartone"
"191202";"19";"12";"02";0;"metalli ferrosi"
"191203";"19";"12";"03";0;"metalli non ferrosi"
"191204";"19";"12";"04";0;"plastica e gomma"
"191205";"19";"12";"05";0;"vetro"
"191206";"19";"12";"06";1;"legno contenente sostanze pericolose"
"191207";"19";"12";"07";0;"legno diverso da quello di cui alla voce 19 12 06"
"191208";"19";"12";"08";0;"prodotti tessili"
"191209";"19";"12";"09";0;"minerali (ad esempio sabbia, rocce)"
"191210";"19";"12";"10";0;"rifiuti combustibili (CDR: combustibile derivato da rifiuti)"
"191211";"19";"12";"11";1;"altri rifiuti (compresi materiali misti) prodotti dal trattamento meccanico dei rifiuti, contenenti sostanze pericolose"
"191212";"19";"12";"12";0;"altri rifiuti (compresi materiali misti) prodotti dal trattamento meccanico dei rifiuti, diversi da quelli di cui alla voce 19 12 11"
"191300";"19";"13";"00";0;"rifiuti prodotti dalle operazioni di bonifica di terreni e risanamento delle acque di falda"
"191301";"19";"13";"01";1;"rifiuti solidi prodotti dalle operazioni di bonifica dei terreni, contenenti sostanze pericolose"
"191302";"19";"13";"02";0;"rifiuti solidi prodotti dalle operazioni di bonifica dei terreni, diversi da quelli di cui alla voce 19 13 01"
"191303";"19";"13";"03";1;"fanghi prodotti dalle operazioni di bonifica dei terreni, contenenti sostanze pericolose"
"191304";"19";"13";"04";0;"fanghi prodotti dalle operazioni di bonifica dei terreni, diversi da quelli di cui alla voce 19 13 03"
"191305";"19";"13";"05";1;"fanghi prodotti dalle operazioni di risanamento delle acque di falda, contenenti sostanze pericolose"
"191306";"19";"13";"06";0;"fanghi prodotti dalle operazioni di risanamento delle acque di falda, diversi da quelli di cui alla voce 19 13 05"
"191307";"19";"13";"07";1;"rifiuti liquidi acquosi e concentrati acquosi prodotti dalle operazioni di risanamento delle acque di falda, contenenti sostanze pericolose"
"191308";"19";"13";"08";0;"rifiuti liquidi acquosi e concentrati acquosi prodotti dalle operazioni di risanamento delle acque di falda, diversi da quelli di cui alla voce 19 13 07"
"200000";"20";"00";"00";0;"Rifiuti urbani (rifiuti domestici e assimilabili prodotti da attività commerciali e industriali nonché dalle istituzioni) inclusi i rifiuti della raccolta differenziata"
"200100";"20";"01";"00";0;"frazioni oggetto di raccolta differenziata (tranne 15 01 00)"
"200101";"20";"01";"01";0;"carta e cartone"
"200102";"20";"01";"02";0;"vetro"
"200108";"20";"01";"08";0;"rifiuti biodegradabili di cucine e mense"
"200110";"20";"01";"10";0;"abbigliamento"
"200111";"20";"01";"11";0;"prodotti tessili"
"200113";"20";"01";"13";1;"solventi"
"200114";"20";"01";"14";1;"acidi"
"200115";"20";"01";"15";1;"sostanze alcaline"
"200117";"20";"01";"17";1;"prodotti fotochimici"
"200119";"20";"01";"19";1;"pesticidi"
"200121";"20";"01";"21";1;"tubi fluorescenti ed altri rifiuti contenenti mercurio"
"200123";"20";"01";"23";1;"apparecchiature fuori uso contenenti clorofluorocarburi"
"200125";"20";"01";"25";0;"oli e grassi commestibili"
"200126";"20";"01";"26";1;"oli e grassi diversi da quelli di cui alla voce 20 01 25"
"200127";"20";"01";"27";1;"vernici, inchiostri, adesivi e resine contenenti sostanze pericolose"
"200128";"20";"01";"28";0;"vernici, inchiostri, adesivi e resine diversi da quelli di cui alla voce 20 01 27"
"200129";"20";"01";"29";1;"detergenti contenenti sostanze pericolose"
"200130";"20";"01";"30";0;"detergenti diversi da quelli di cui alla voce 20 01 29"
"200131";"20";"01";"31";1;"medicinali citotossici e citostatici"
"200132";"20";"01";"32";0;"medicinali diversi da quelli di cui alla voce 20 01 31"
"200133";"20";"01";"33";1;"batterie e accumulatori di cui alle voci 16 06 01, 16 06 02 e 16 06 03 nonché batterie e accumulatori non suddivisi contenenti tali batterie"
"200134";"20";"01";"34";0;"batterie e accumulatori diversi da quelli di cui alla voce 20 01 33"
"200135";"20";"01";"35";1;"apparecchiature elettriche ed elettroniche fuori uso, diverse da quelle di cui alla voce 20 01 21 e 20 01 23, contenenti componenti pericolosi"
"200136";"20";"01";"36";0;"apparecchiature elettriche ed elettroniche fuori uso, diverse da quelle di cui alle voci 20 01 21, 20 01 23 e 20 01 35"
"200137";"20";"01";"37";1;"legno, contenente sostanze pericolose"
"200138";"20";"01";"38";0;"legno, diverso da quello di cui alla voce 20 01 37"
"200139";"20";"01";"39";0;"plastica"
"200140";"20";"01";"40";0;"metallo"
"200141";"20";"01";"41";0;"rifiuti prodotti dalla pulizia di camini e ciminiere"
"200199";"20";"01";"99";0;"altre frazioni non specificate altrimenti"
"200200";"20";"02";"00";0;"rifiuti prodotti da giardini e parchi (inclusi i rifiuti provenienti da cimiteri)"
"200201";"20";"02";"01";0;"rifiuti biodegradabili"
"200202";"20";"02";"02";0;"terra e roccia"
"200203";"20";"02";"03";0;"altri rifiuti non biodegradabili"
"200300";"20";"03";"00";0;"altri rifiuti urbani"
"200301";"20";"03";"01";0;"rifiuti urbani non differenziati"
"200302";"20";"03";"02";0;"rifiuti dei mercati"
"200303";"20";"03";"03";0;"residui della pulizia stradale"
"200304";"20";"03";"04";0;"fanghi delle fosse settiche"
"200306";"20";"03";"06";0;"rifiuti della pulizia delle fognature"
"200307";"20";"03";"07";0;"rifiuti ingombranti"
"200399";"20";"03";"99";0;"rifiuti urbani non specificati altrimenti"
